Predicted,Id
-4161.8112065720625,1
-5141.003879720322,2
-4691.199474461291,3
-2698.539258022153,4
-2698.539258022153,5
-2698.539258022153,6
-2698.539258022153,7
-2698.539258022153,8
-4161.8112065720625,9
-2698.539258022153,10
-2698.539258022153,11
-2698.539258022153,12
-2698.539258022153,13
-2698.539258022153,14
-3380.0370259218835,15
-5141.003879720322,16
-2698.539258022153,17
-5872.314398272217,18
-2698.539258022153,19
-2698.539258022153,20
-2698.539258022153,21
-4161.8112065720625,22
-7474.30781700002,23
-2698.539258022153,24
-5141.003879720322,25
-2727.253198998461,26
-5273.607967925805,27
-2698.539258022153,28
-5273.598520823817,29
-2698.539258022153,30
-11271.280730259272,31
-7716.072589623974,32
-6252.800641074064,33
-3810.3360193758945,34
-2698.539258022153,35
-7824.470621809356,36
-2698.539258022153,37
-7014.4345976184695,38
-5141.003879720322,39
-2698.539258022153,40
-4270.209238757445,41
-4161.8112065720625,42
-5141.003879720322,43
-3810.3360193758945,44
-6252.800641074064,45
-2698.539258022153,46
-5141.003879720322,47
-5141.003879720322,48
-5141.003879720322,49
-4161.8112065720625,50
-4270.209238757445,51
-5733.481187307355,52
-5722.063284389781,53
-5273.607967925805,54
-4161.8112065720625,55
-7824.470621809356,56
-2698.539258022153,57
-4161.8112065720625,58
-7015.185840290834,59
-6845.277948661097,60
-4270.209238757445,61
-9456.899219316638,62
-4270.209238757445,63
-2698.539258022153,64
-4270.209238757445,65
-5360.453349526549,66
-4439.365887714817,67
-4161.8112065720625,68
-6845.277948661097,69
-6845.277948661097,70
-2902.1583983451605,71
-8775.006235824272,72
-3810.3360193758945,73
-4161.8112065720625,74
-3810.3360193758945,75
-2698.539258022153,76
-10655.007138869916,77
-4270.209238757445,78
-4270.209238757445,79
-8586.104578353761,80
-2698.539258022153,81
-7474.30781700002,82
-3810.3360193758945,83
-4161.8112065720625,84
-7036.742580812472,85
-13480.206081370752,86
-4459.110896227957,87
-2698.539258022153,88
-2698.539258022153,89
-4461.899011760856,90
-10513.727204631054,91
-11637.738636005364,92
-3810.3360193758945,93
-3810.4136535427688,94
-4161.8112065720625,95
-2698.539258022153,96
-2698.539258022153,97
-2698.539258022153,98
-2698.539258022153,99
-4161.8112065720625,100
-3810.3370694751047,101
-2698.539258022153,102
-7663.209474470531,103
-8175.487826056897,104
-4161.8112065720625,105
-8533.318808701211,106
-6219.444603764268,107
-5733.481187307355,108
-5141.003879720322,109
-6712.673860455614,110
-4459.110896227957,111
-6901.575517926127,112
-2698.539258022153,113
-2698.539258022153,114
-2698.6035095479683,115
-5733.481187307355,116
-4895.785227811681,117
-11048.314208565069,118
-5141.003879720322,119
-2698.539258022153,120
-2698.539258022153,121
-2698.539258022153,122
-2698.539258022153,123
-8772.900574938389,124
-5141.003879720322,125
-5405.961023192438,126
-2698.539258022153,127
-2698.539258022153,128
-4161.8112065720625,129
-6789.003527783246,130
-4161.85456368492,131
-2698.539258022153,132
-4270.209238757445,133
-2698.539258022153,134
-2698.539258022153,135
-2698.539258022153,136
-2698.539258022153,137
-6604.2758282702325,138
-2698.539258022153,139
-4459.110896227957,140
-2698.539258022153,141
-2698.539258022153,142
-2698.539258022153,143
-5273.607967925805,144
-8175.945809005524,145
-5273.607967925805,146
-2698.539258022153,147
-2698.539258022153,148
-5141.003879720322,149
-6901.575517926127,150
-5733.481187307355,151
-5141.003879720322,152
-2698.539258022153,153
-2698.539258022153,154
-2698.539258022153,155
-4270.209238757445,156
-5733.890107757204,157
-4270.209238757445,158
-2698.539258022153,159
-5733.481187307355,160
-4161.8112065720625,161
-2698.539258022153,162
-6524.285782915114,163
-2698.539258022153,164
-9916.772438698188,165
-5733.481187307355,166
-7981.030617450543,167
-4270.209238757445,168
-2698.539258022153,169
-6030.780876963248,170
-2698.539258022153,171
-2698.5959040875377,172
-4270.209238757445,173
-5902.637836264727,174
-2698.539258022153,175
-2698.539258022153,176
-2698.539258022153,177
-4439.365887714817,178
-3731.907476792143,179
-2698.539258022153,180
-2698.539258022153,181
-2698.539258022153,182
-4161.8112065720625,183
-4161.8112065720625,184
-2701.6650149932248,185
-2698.539258022153,186
-2698.539258022153,187
-5141.003879720322,188
-2698.539258022153,189
-2698.539258022153,190
-7014.4345976184695,191
-2698.539258022153,192
-2698.539258022153,193
-6276.770123890949,194
-2698.539258022153,195
-2698.539258022153,196
-4161.8112065720625,197
-2698.539258022153,198
-5982.523741055977,199
-2698.539258022153,200
-5273.607967925805,201
-7824.470621809356,202
-9884.693015438519,203
-5733.481187307355,204
-2698.539258022153,205
-6845.277948661097,206
-3810.3360193758945,207
-5920.488498068934,208
-4278.811338378081,209
-2698.539258022153,210
-2703.339124844188,211
-2698.539258022153,212
-12327.1619579903,213
-4283.393368666672,214
-7716.072589623974,215
-6977.631888282183,216
-9884.696305945334,217
-2698.539258022153,218
-6845.277948661097,219
-5570.907657581698,220
-5141.003879720322,221
-6252.800641074064,222
-15828.560225888768,223
-5273.591630473576,224
-2698.539258022153,225
-2698.539258022153,226
-2698.539258022153,227
-4161.8112065720625,228
-2698.539258022153,229
-9916.772438698188,230
-2698.539258022153,231
-6845.277948661097,232
-5273.607967925805,233
-3810.3360193758945,234
-2698.539258022153,235
-5141.003879720322,236
-2698.539258022153,237
-2698.539258022153,238
-2698.539258022153,239
-4161.8112065720625,240
-2698.539258022153,241
-2763.5150550504613,242
-6845.277948661097,243
-2698.539258022153,244
-2698.539258022153,245
-5141.003879720322,246
-2698.539258022153,247
-2698.539258022153,248
-2698.539258022153,249
-6881.830509412986,250
-2698.539258022153,251
-4161.8112065720625,252
-2698.539258022153,253
-2698.539258022153,254
-4270.199295019069,255
-8586.01583870851,256
-7716.072589623974,257
-2968.8878215097106,258
-2698.539258022153,259
-6901.575517926127,260
-2698.539258022153,261
-4270.209238757445,262
-4459.124748351527,263
-2698.539258022153,264
-2698.539258022153,265
-2698.539258022153,266
-5168.106042960706,267
-2698.539258022153,268
-5733.481187307355,269
-2698.539258022153,270
-3456.018077015812,271
-4161.8112065720625,272
-2698.539258022153,273
-4895.785227811681,274
-2698.539258022153,275
-3810.3360193758945,276
-2698.539258022153,277
-2698.539258022153,278
-2698.539258022153,279
-3810.3360193758945,280
-2698.540092265521,281
-2698.539258022153,282
-3810.3360193758945,283
-4161.8112065720625,284
-3810.3360193758945,285
-4270.209238757445,286
-6845.277948661097,287
-6604.2758282702325,288
-2698.539258022153,289
-9234.879455205823,290
-5733.481187307355,291
-2698.539258022153,292
-2698.539258022153,293
-2698.54755527451,294
-2698.539258022153,295
-8364.847466476036,296
-8364.847466476036,297
-4270.209238757445,298
-4161.8112065720625,299
-2698.539258022153,300
-6252.800641074064,301
-4895.785227811681,302
-5141.003879720322,303
-6901.575517926127,304
-4270.209238757445,305
-2698.539258022153,306
-2698.539258022153,307
-2698.539258022153,308
-5273.607967925805,309
-11677.344076903992,310
-2698.539258022153,311
-5733.481187307355,312
-4439.365887714817,313
-4895.785227811681,314
-2698.539258022153,315
-2698.539258022153,316
-2698.539258022153,317
-2698.539258022153,318
-2698.539258022153,319
-2698.539258022153,320
-2698.539258022153,321
-9456.583025056118,322
-4439.365887714817,323
-4161.8112065720625,324
-4270.209238757445,325
-4895.785227811681,326
-8453.500490148279,327
-6604.2758282702325,328
-2698.539258022153,329
-6845.277948661097,330
-5273.607967925805,331
-2698.539258022153,332
-2698.539258022153,333
-2698.539258022153,334
-2698.539258022153,335
-4895.785227811681,336
-7338.24984950985,337
-2698.539258022153,338
-6046.867956929398,339
-2698.539258022153,340
-5273.607967925805,341
-2698.5406827733586,342
-4459.110896227957,343
-5349.754364763944,344
-6359.057176361591,345
-4459.110896227957,346
-4459.110896227957,347
-4441.531584109858,348
-3810.3360193758945,349
-5733.481187307355,350
-3810.3360193758945,351
-6604.2758282702325,352
-5382.006000111187,353
-2698.539258022153,354
-2698.539258022153,355
-2698.539258022153,356
-5273.607967925805,357
-2698.539258022153,358
-2698.539258022153,359
-2698.539258022153,360
-2771.0159688988806,361
-4838.059075162492,362
-2698.539258022153,363
-2698.539258022153,364
-2698.539258022153,365
-2698.539258022153,366
-5902.637836264727,367
-6252.800641074064,368
-3810.3360193758945,369
-5894.467635816209,370
-2698.539258022153,371
-2698.539258022153,372
-4161.8112065720625,373
-5902.637836264727,374
-2698.539258022153,375
-2698.539258022153,376
-4439.365887714817,377
-2698.539258022153,378
-2698.539258022153,379
-2698.539258022153,380
-2698.539258022153,381
-5273.607967925805,382
-7474.30781700002,383
-2698.539258022153,384
-2698.539258022153,385
-3348.6383027082234,386
-3810.330688448997,387
-5737.814004065531,388
-2698.539258022153,389
-4439.365887714817,390
-3810.3360193758945,391
-6252.8576860979865,392
-5273.607967925805,393
-6199.937525920621,394
-2698.539258022153,395
-7014.4345976184695,396
-2698.539258022153,397
-3810.3360193758945,398
-2698.539258022153,399
-4439.365887714817,400
-2698.539258022153,401
-11028.56920005193,402
-2698.539258022153,403
-2698.539258022153,404
-2698.539258022153,405
-4161.93245773502,406
-7014.4345976184695,407
-2698.539258022153,408
-4895.785227811681,409
-5570.907657581698,410
-2698.608233490545,411
-4391.388618355622,412
-2698.539258022153,413
-5141.003879720322,414
-2698.539258022153,415
-2698.539258022153,416
-2698.539258022153,417
-2698.539258022153,418
-4161.8112065720625,419
-5141.003879720322,420
-2698.539258022153,421
-4161.8112065720625,422
-8605.8495868669,423
-4270.209238757445,424
-2698.539258022153,425
-4459.110896227957,426
-4270.209238757445,427
-4895.787284675681,428
-7014.4345976184695,429
-6845.277948661097,430
-4161.8112065720625,431
-7824.470621809356,432
-3810.3360193758945,433
-3810.3360193758945,434
-2698.539258022153,435
-5902.637836264727,436
-6014.147601913857,437
-5141.003879720322,438
-5733.481187307355,439
-3810.3360193758945,440
-2698.539258022153,441
-2698.5411018146424,442
-4270.209238757445,443
-2698.539258022153,444
-6712.673860455614,445
-4895.785227811681,446
-5548.8547986221165,447
-5273.607967925805,448
-5141.003879720322,449
-6881.830509412986,450
-4161.8112065720625,451
-2698.539258022153,452
-2698.539258022153,453
-4895.785227811681,454
-2698.539258022153,455
-5902.637836264727,456
-2698.539258022153,457
-2698.539258022153,458
-2698.539258022153,459
-2698.539258022153,460
-5382.00514444095,461
-4895.785227811681,462
-7716.072589623974,463
-2698.539258022153,464
-4161.8112065720625,465
-2698.539258022153,466
-5733.481187307355,467
-4161.8112065720625,468
-2698.539258022153,469
-2698.539258022153,470
-5551.162649068559,471
-8586.104578353761,472
-3810.3360193758945,473
-6845.277948661097,474
-5141.003879720322,475
-2698.539258022153,476
-2698.539258022153,477
-3805.797735342954,478
-5141.003879720322,479
-4608.24427060112,480
-8909.919830245142,481
-2698.5937154456155,482
-4270.209238757445,483
-2698.539258022153,484
-4459.110896227957,485
-5141.003879720322,486
-2698.539258022153,487
-5733.481187307355,488
-7716.072589623974,489
-4459.110896227957,490
-5273.607967925805,491
-2698.539258022153,492
-6845.2964228937235,493
-6848.4906194324785,494
-4161.8112065720625,495
-2698.539258022153,496
-2698.539258022153,497
-5382.006000111187,498
-2698.539258022153,499
-5528.278166720082,500
-11217.470857522441,501
-4161.813821909738,502
-2698.539258022153,503
-9456.899219316638,504
-2698.539258022153,505
-2698.539258022153,506
-2698.539258022153,507
-2698.539258022153,508
-6712.673860455614,509
-9287.742570359265,510
-2698.539258022153,511
-4270.209238757445,512
-8175.945809005524,513
-7298.297521673934,514
-2698.539258022153,515
-2698.539258022153,516
-7716.072589623974,517
-2698.539258022153,518
-7994.1087325634935,519
-4270.209238757445,520
-4760.857024243738,521
-2698.539258022153,522
-5733.481187307355,523
-8345.102457962896,524
-9287.742570359265,525
-3327.9102930972654,526
-4161.8112065720625,527
-2698.539258022153,528
-2698.539258022153,529
-8175.945809005524,530
-2698.539258022153,531
-4459.110896227957,532
-2698.539258022153,533
-2698.539258022153,534
-5382.006000111187,535
-4270.209238757445,536
-5141.003879720322,537
-9287.742570359265,538
-8184.797416954961,539
-4270.209238757445,540
-8345.102457962896,541
-6604.2758282702325,542
-6712.673860455614,543
-6604.2758282702325,544
-5733.481187307355,545
-6712.673860455614,546
-5141.003879720322,547
-8364.847466476036,548
-5141.003879720322,549
-6712.673860455614,550
-6604.2758282702325,551
-11217.470857522441,552
-2698.539258022153,553
-4270.209238757445,554
-8175.945809005524,555
-6881.830509412986,556
-4459.110896227957,557
-4270.209238757445,558
-2698.539258022153,559
-5141.003879720322,560
-2698.6901103603395,561
-5141.003879720322,562
-11677.348173256101,563
-5141.003879720322,564
-5141.003879720322,565
-6712.673860455614,566
-5141.003879720322,567
-5733.481187307355,568
-5273.607967925805,569
-4999.488589804513,570
-5141.003879720322,571
-9287.742570359265,572
-8013.372279279867,573
-2698.539258022153,574
-8175.945809005524,575
-2698.539258022153,576
-7189.899489488553,577
-5733.481187307355,578
-4270.209238757445,579
-4270.209238757445,580
-4270.209238757445,581
-6252.800641074064,582
-2698.539258022153,583
-4161.8112065720625,584
-8930.718386455463,585
-2698.539258022153,586
-5726.627540938643,587
-9916.772438698188,588
-2698.539258022153,589
-9476.644227829776,590
-9916.772438698188,591
-5140.846269891994,592
-5733.481187307355,593
-5733.481187307355,594
-5141.003879720322,595
-2698.539258022153,596
-5141.003879720322,597
-5141.003879720322,598
-6712.673860455614,599
-2698.539258022153,600
-9287.742570359265,601
-2698.539258022153,602
-2698.554514768171,603
-6712.673860455614,604
-4270.209238757445,605
-2698.539258022153,606
-2698.539258022153,607
-2698.539258022153,608
-5141.003879720322,609
-2698.539258022153,610
-5663.478242991504,611
-2698.539258022153,612
-5141.000293939564,613
-2698.539258022153,614
-2698.539258022153,615
-5141.003879720322,616
-2698.539258022153,617
-5938.641661338451,618
-4308.877289716222,619
-4270.209238757445,620
-5733.481187307355,621
-6604.2758282702325,622
-6252.800641074064,623
-4161.8112065720625,624
-5141.003879720322,625
-6750.195915189602,626
-4161.8112065720625,627
-5141.003879720322,628
-7824.470621809356,629
-7716.072589623974,630
-7085.844833087209,631
-3810.3360193758945,632
-5141.003879720322,633
-5141.003879720322,634
-5141.003879720322,635
-6252.800641074064,636
-5382.006000111187,637
-7824.470621809356,638
-2698.539258022153,639
-6604.2758282702325,640
-9754.198908972532,641
-8175.945809005524,642
-5141.003879720322,643
-2698.539258022153,644
-5382.006000111187,645
-5141.003879720322,646
-2698.539258022153,647
-5141.003879720322,648
-2698.539258022153,649
-5141.003879720322,650
-2698.539258022153,651
-4270.209238757445,652
-8175.945809005524,653
-2698.539258022153,654
-5733.481187307355,655
-5733.481187307355,656
-7494.0528255131585,657
-7494.0528255131585,658
-5733.481187307355,659
-6030.780876963248,660
-4161.8112065720625,661
-4270.209238757445,662
-4270.209238757445,663
-6845.277948661097,664
-7494.0528255131585,665
-2698.539258022153,666
-4270.209238757445,667
-11048.314208565069,668
-4270.209238757445,669
-4459.110896227957,670
-5733.481187307355,671
-2698.539258022153,672
-2709.7880105150366,673
-2698.539258022153,674
-2698.539258022153,675
-4459.110896227957,676
-2698.539258022153,677
-2698.539258022153,678
-8175.910011224939,679
-7824.470621809356,680
-5902.637836264727,681
-2698.539258022153,682
-2698.539258022153,683
-5733.481187307355,684
-2698.539258022153,685
-5382.006000111187,686
-6252.800641074064,687
-5141.003879720322,688
-2698.539258022153,689
-11028.56920005193,690
-2698.539258022153,691
-2698.539258022153,692
-8175.945809005524,693
-6270.116045382288,694
-4270.209238757445,695
-2698.539258022153,696
-2698.539258022153,697
-2698.539258022153,698
-2698.539258022153,699
-2698.539258022153,700
-5902.637836264727,701
-2698.539258022153,702
-4270.209238757445,703
-2698.539258022153,704
-6604.2758282702325,705
-6712.673860455614,706
-5141.003879720322,707
-2698.539258022153,708
-6712.673860455614,709
-5141.003879720322,710
-7824.470621809356,711
-6845.277948661097,712
-6604.2758282702325,713
-4270.209238757445,714
-4270.209238757445,715
-4270.209238757445,716
-6712.673860455614,717
-5141.003879720322,718
-7716.072589623974,719
-6845.277948661097,720
-11484.988540148794,721
-2698.539258022153,722
-4161.8112065720625,723
-11028.56920005193,724
-2698.539258022153,725
-2698.539258022153,726
-6252.800641074064,727
-4270.209238757445,728
-2698.539258022153,729
-4270.209238757445,730
-7716.072589623974,731
-4270.209238757445,732
-6604.2758282702325,733
-2698.539258022153,734
-7824.470621809356,735
-7824.470621809356,736
-5382.006000111187,737
-2698.539258022153,738
-4161.8112065720625,739
-5141.003879720322,740
-2698.539258022153,741
-5141.003879720322,742
-5141.003879720322,743
-2698.539258022153,744
-2698.539258022153,745
-5141.003879720322,746
-4270.209238757445,747
-5733.481187307355,748
-2698.539258022153,749
-2698.539258022153,750
-2698.539258022153,751
-6712.673860455614,752
-2698.539258022153,753
-4270.209238757445,754
-6845.277948661097,755
-3810.3360193758945,756
-2698.539258022153,757
-6845.277948661097,758
-9565.297251502021,759
-5141.003879720322,760
-2698.539258022153,761
-6712.673860455614,762
-2698.539258022153,763
-2698.539258022153,764
-5141.003879720322,765
-6715.351288297051,766
-5733.481187307355,767
-8175.945809005524,768
-2698.539258022153,769
-2698.539258022153,770
-7993.6272707667285,771
-2698.539258022153,772
-4161.8112065720625,773
-2698.539258022153,774
-4161.8112065720625,775
-6845.277948661097,776
-2698.539258022153,777
-2698.539258022153,778
-2698.539258022153,779
-2698.539258022153,780
-3810.3360193758945,781
-3810.3360193758945,782
-6604.2758282702325,783
-5141.003879720322,784
-6712.673860455614,785
-5141.003879720322,786
-2698.539258022153,787
-2698.6997944194777,788
-5141.003879720322,789
-5733.481187307355,790
-5551.162649068559,791
-7034.179606131608,792
-7981.030617450543,793
-5733.481187307355,794
-4161.8112065720625,795
-6849.747323803942,796
-2698.539258022153,797
-2698.539258022153,798
-2698.539258022153,799
-2698.539258022153,800
-2698.539258022153,801
-4161.8112065720625,802
-2698.539258022153,803
-2698.539258022153,804
-4459.110896227957,805
-11048.314208565069,806
-2698.539258022153,807
-2698.539258022153,808
-6030.765786928117,809
-5733.481187307355,810
-11028.56920005193,811
-7460.789033248861,812
-4270.209238757445,813
-6845.277948661097,814
-2698.539258022153,815
-7193.964830605557,816
-2698.539258022153,817
-2698.539258022153,818
-8772.900574938389,819
-2698.539258022153,820
-4161.8112065720625,821
-3810.3360193758945,822
-7062.585141220498,823
-5737.8901263495445,824
-4270.209238757445,825
-9884.69733629213,826
-5273.607967925805,827
-4161.8112065720625,828
-4161.8112065720625,829
-2698.539258022153,830
-7494.0528255131585,831
-2698.6472013998696,832
-2698.539258022153,833
-2698.539258022153,834
-2698.539258022153,835
-2698.539258022153,836
-4459.110896227957,837
-2698.539258022153,838
-9456.899219316638,839
-2698.539258022153,840
-2698.539258022153,841
-8450.046610863592,842
-5908.8431875888,843
-2698.539258022153,844
-5922.382844777867,845
-4270.209238757445,846
-2698.539258022153,847
-2698.539258022153,848
-3810.3360193758945,849
-7201.230594203098,850
-2698.539258022153,851
-7824.470621809356,852
-5733.481187307355,853
-3810.3360193758945,854
-8013.403545484187,855
-5726.627540938643,856
-4161.8112065720625,857
-4161.8112065720625,858
-2698.539258022153,859
-2699.245474070734,860
-6604.2758282702325,861
-5141.028022256889,862
-6604.2758282702325,863
-2698.539258022153,864
-2698.539258022153,865
-3810.3360193758945,866
-5141.003879720322,867
-8345.102457962896,868
-2698.539258022153,869
-4270.275997912975,870
-4270.209238757445,871
-6604.2758282702325,872
-6712.673860455614,873
-2698.539258022153,874
-2698.539258022153,875
-8345.102457962896,876
-2698.539258022153,877
-6845.277948661097,878
-2726.1631964458006,879
-8453.500490148279,880
-2698.539258022153,881
-6252.800641074064,882
-5733.481187307355,883
-9287.742570359265,884
-8449.36484991958,885
-2698.539258022153,886
-5733.479505994659,887
-2698.539258022153,888
-2701.82866010029,889
-2698.539258022153,890
-5141.003879720322,891
-7716.072589623974,892
-7122.832629803852,893
-5141.003879720322,894
-6845.277948661097,895
-4161.8112065720625,896
-5733.481187307355,897
-5733.481187307355,898
-4459.110896227957,899
-4459.110896227957,900
-2698.539258022153,901
-7474.30781700002,902
-4895.785227811681,903
-4270.209238757445,904
-5902.637836264727,905
-3810.3360193758945,906
-4161.8112065720625,907
-5141.003879720322,908
-2698.539258022153,909
-2698.539258022153,910
-5273.607967925805,911
-5733.481187307355,912
-5382.006000111187,913
-6845.277948661097,914
-2698.539258022153,915
-2698.539258022153,916
-5694.655452205613,917
-5733.481187307355,918
-4895.785227811681,919
-7307.149441817012,920
-2698.539258022153,921
-10105.6740961687,922
-5733.481187307355,923
-2698.539258022153,924
-2698.539258022153,925
-4161.8112065720625,926
-3810.3360193758945,927
-2698.539258022153,928
-4459.110896227957,929
-7824.470621809356,930
-11217.470857522441,931
-2698.539258022153,932
-5273.606372492358,933
-11217.470857522441,934
-2698.539258022153,935
-2698.539258022153,936
-4270.209238757445,937
-2698.539258022153,938
-2698.539258022153,939
-5141.003879720322,940
-2698.539258022153,941
-2698.548138430559,942
-2698.539258022153,943
-5273.607967925805,944
-2698.539258022153,945
-2698.539258022153,946
-7824.470621809356,947
-6252.800641074064,948
-7716.072589623974,949
-2698.539258022153,950
-2698.539258022153,951
-2698.539258022153,952
-5733.481187307355,953
-10346.676216559565,954
-4270.209238757445,955
-7494.0528255131585,956
-4439.365887714817,957
-4458.486106354616,958
-5733.481187307355,959
-4459.110896227957,960
-8775.006235824272,961
-4161.8112065720625,962
-5737.948617108114,963
-2698.542440571201,964
-4161.8112065720625,965
-4161.8112065720625,966
-4895.785227811681,967
-5273.607967925805,968
-5733.481187307355,969
-7338.24984950985,970
-2698.539258022153,971
-5733.481187307355,972
-2698.539258022153,973
-3810.3373957860927,974
-7474.289488875746,975
-5382.006000111187,976
-4270.209238757445,977
-2698.539258022153,978
-6845.277948661097,979
-2698.539258022153,980
-2698.539258022153,981
-2698.539258022153,982
-9287.742570359265,983
-9632.317867883397,984
-7930.727157096883,985
-2698.539258022153,986
-3810.3360193758945,987
-6845.277948661097,988
-2698.539258022153,989
-4270.209238757445,990
-7824.470621809356,991
-8313.027355556838,992
-6845.277948661097,993
-2698.539258022153,994
-4161.8112065720625,995
-2698.962547236177,996
-2698.539258022153,997
-2698.542559573026,998
-2698.539258022153,999
-4161.8112065720625,1000
-7494.0528255131585,1001
-4161.8112065720625,1002
-7147.837140922512,1003
-4161.8112065720625,1004
-2698.539258022153,1005
-7474.30781700002,1006
-2699.712638014934,1007
-2698.539258022153,1008
-6517.758668900633,1009
-5138.211588140895,1010
-2698.539258022153,1011
-2698.539258022153,1012
-2698.5461958808846,1013
-3810.3360193758945,1014
-2698.539258022153,1015
-2698.539258022153,1016
-4459.110896227957,1017
-2698.539258022153,1018
-2698.539258022153,1019
-2698.539258022153,1020
-5902.637836264727,1021
-2698.539258022153,1022
-4270.209238757445,1023
-2698.539258022153,1024
-5922.382844777867,1025
-6849.710956048432,1026
-2698.539258022153,1027
-4161.8112065720625,1028
-4270.209238757445,1029
-2698.539258022153,1030
-5141.003879720322,1031
-2698.539258022153,1032
-4270.209238757445,1033
-7494.045210875915,1034
-6604.2758282702325,1035
-8345.102457962896,1036
-2698.539258022153,1037
-7746.809175832561,1038
-6881.830509412986,1039
-8013.371505731882,1040
-5733.481187307355,1041
-7474.30781700002,1042
-5721.2934495400605,1043
-7716.078190147337,1044
-2698.539258022153,1045
-4270.209238757445,1046
-5141.003879720322,1047
-6252.800641074064,1048
-2698.539258022153,1049
-4161.8112065720625,1050
-2702.072254389824,1051
-2698.540613989456,1052
-6604.2758282702325,1053
-2698.539258022153,1054
-7494.0528255131585,1055
-4270.209238757445,1056
-5273.607967925805,1057
-2698.539258022153,1058
-2698.539258022153,1059
-2698.539258022153,1060
-2698.539258022153,1061
-2698.539258022153,1062
-2698.539258022153,1063
-4270.209238757445,1064
-5141.003879720322,1065
-2698.539258022153,1066
-4161.8112065720625,1067
-4270.261343048271,1068
-2698.539258022153,1069
-4161.8112065720625,1070
-2698.539258022153,1071
-2698.539258022153,1072
-2698.539258022153,1073
-2698.539258022153,1074
-5733.481187307355,1075
-2698.539258022153,1076
-7824.470621809356,1077
-4161.8112065720625,1078
-4161.8112065720625,1079
-4161.8112065720625,1080
-7474.30781700002,1081
-4270.209238757445,1082
-2698.539258022153,1083
-2698.539258022153,1084
-5141.003879720322,1085
-4270.324699564498,1086
-7265.845168800179,1087
-7716.072589623974,1088
-4270.209238757445,1089
-2698.539258022153,1090
-7993.6272707667285,1091
-6517.758668900633,1092
-2698.539258022153,1093
-4895.785227811681,1094
-2698.539258022153,1095
-4459.110896227957,1096
-2698.539258022153,1097
-2698.539258022153,1098
-4161.8112065720625,1099
-5141.003879720322,1100
-2698.539258022153,1101
-4895.785227811681,1102
-2698.539258022153,1103
-2698.539258022153,1104
-2698.539258022153,1105
-9648.508367541885,1106
-5141.003879720322,1107
-2698.539258022153,1108
-5733.481187307355,1109
-5733.481187307355,1110
-5902.637836264727,1111
-6845.277948661097,1112
-2698.539258022153,1113
-2698.539258022153,1114
-4270.209238757445,1115
-2698.539258022153,1116
-2698.539258022153,1117
-4270.209238757445,1118
-2698.539258022153,1119
-2698.539258022153,1120
-11217.470857522441,1121
-2698.539258022153,1122
-3810.3360193758945,1123
-2698.539258022153,1124
-2698.539258022153,1125
-4846.51485837628,1126
-4270.209238757445,1127
-2698.539258022153,1128
-6712.673860455614,1129
-8345.102457962896,1130
-7993.6272707667285,1131
-5141.003879720322,1132
-2698.539258022153,1133
-3810.3360193758945,1134
-3810.3360193758945,1135
-6712.673860455614,1136
-7993.640004018114,1137
-2698.539258022153,1138
-5141.003879720322,1139
-3810.3360193758945,1140
-2698.539258022153,1141
-5141.003879720322,1142
-6712.673860455614,1143
-6252.800641074064,1144
-5733.481187307355,1145
-5273.607967925805,1146
-5736.822386433363,1147
-4161.8112065720625,1148
-5141.003879720322,1149
-2698.539258022153,1150
-2698.539258022153,1151
-2698.539258022153,1152
-2698.539258022153,1153
-2698.539258022153,1154
-5273.607967925805,1155
-6712.673860455614,1156
-7716.072589623974,1157
-5733.481187307355,1158
-6712.673860455614,1159
-5733.079576654667,1160
-7429.326088529122,1161
-2698.539258022153,1162
-2698.539258022153,1163
-5141.003879720322,1164
-8364.847466476036,1165
-2698.539258022153,1166
-2698.539258022153,1167
-2698.539258022153,1168
-2698.539258022153,1169
-2698.539258022153,1170
-4257.367769805699,1171
-5405.961907546891,1172
-4161.8112065720625,1173
-2698.539258022153,1174
-2698.539258022153,1175
-5144.640664794741,1176
-6604.2758282702325,1177
-2698.539258022153,1178
-6252.800641074064,1179
-4161.8112065720625,1180
-2698.539258022153,1181
-2698.539258022153,1182
-2698.539258022153,1183
-6604.2758282702325,1184
-2698.539258022153,1185
-8473.245498661418,1186
-5273.607967925805,1187
-7716.072589623974,1188
-2698.539258022153,1189
-2698.539258022153,1190
-6712.673860455614,1191
-6252.800641074064,1192
-2698.539258022153,1193
-6604.2758282702325,1194
-2698.539258022153,1195
-2698.539258022153,1196
-7716.072589623974,1197
-2698.539258022153,1198
-2698.539258022153,1199
-2698.539258022153,1200
-8775.006235824272,1201
-2698.539258022153,1202
-4161.8112065720625,1203
-2698.539258022153,1204
-4270.209238757445,1205
-2698.539258022153,1206
-4270.209238757445,1207
-2698.539258022153,1208
-4161.8112065720625,1209
-4161.8112065720625,1210
-2698.539258022153,1211
-2698.539258022153,1212
-5733.481187307355,1213
-4161.8112065720625,1214
-2698.539258022153,1215
-4161.8112065720625,1216
-2698.539258022153,1217
-2698.539258022153,1218
-5273.607967925805,1219
-2698.539258022153,1220
-7016.616239471857,1221
-2698.539258022153,1222
-2698.539258022153,1223
-2698.539258022153,1224
-3810.3360193758945,1225
-3810.3360193758945,1226
-6845.277948661097,1227
-7993.6272707667285,1228
-4270.209238757445,1229
-4270.209238757445,1230
-5733.481187307355,1231
-2698.539258022153,1232
-8013.372279279867,1233
-2698.539258022153,1234
-2698.539258022153,1235
-4161.8112065720625,1236
-4161.8112065720625,1237
-7716.072589623974,1238
-2699.491916128034,1239
-3810.3360193758945,1240
-12789.140838257734,1241
-2698.539258022153,1242
-3810.3360193758945,1243
-2698.539258022153,1244
-2698.539258022153,1245
-2698.539258022153,1246
-5733.481187307355,1247
-2698.539258022153,1248
-2698.539258022153,1249
-5141.003879720322,1250
-5141.003879720322,1251
-4161.8112065720625,1252
-8584.549219921711,1253
-2698.539258022153,1254
-2698.539258022153,1255
-4270.209238757445,1256
-2698.539258022153,1257
-4270.209238757445,1258
-6845.277948661097,1259
-7034.179606131608,1260
-15828.508273763007,1261
-7201.230594203098,1262
-5382.006000111187,1263
-5726.627540938643,1264
-5141.003879720322,1265
-3681.3094463791663,1266
-2698.539258022153,1267
-4270.209238757445,1268
-2698.539258022153,1269
-2698.539258022153,1270
-7336.726988332881,1271
-2698.539258022153,1272
-2698.539258022153,1273
-7663.209474470531,1274
-9234.879455205823,1275
-7993.6272707667285,1276
-5733.481187307355,1277
-2698.539258022153,1278
-4270.209238757445,1279
-7494.0528255131585,1280
-2698.5408338668026,1281
-5733.481187307355,1282
-2698.539258022153,1283
-4161.8112065720625,1284
-2698.539258022153,1285
-2901.637365579881,1286
-9589.253158937725,1287
-5141.003879720322,1288
-4895.785227811681,1289
-2698.539258022153,1290
-6712.673860455614,1291
-2698.539258022153,1292
-2698.539258022153,1293
-4161.8112065720625,1294
-4270.209238757445,1295
-2698.539258022153,1296
-11038.957034703646,1297
-2698.539258022153,1298
-2698.539258022153,1299
-2698.539258022153,1300
-2698.539258022153,1301
-2698.539258022153,1302
-9287.742570359265,1303
-5902.637836264727,1304
-5734.699255666158,1305
-4161.8112065720625,1306
-5141.003879720322,1307
-5902.637836264727,1308
-9472.045606877942,1309
-4459.110896227957,1310
-2698.539258022153,1311
-2698.539258022153,1312
-8586.104578353761,1313
-2698.539258022153,1314
-2698.539258022153,1315
-9476.644227829776,1316
-12789.140838257734,1317
-6845.277948661097,1318
-6845.277948661097,1319
-8313.003053113373,1320
-12789.139334866491,1321
-2698.539258022153,1322
-7122.832629803852,1323
-2698.539258022153,1324
-2698.539258022153,1325
-2698.539258022153,1326
-7993.6272707667285,1327
-5001.234667353865,1328
-4270.209238757445,1329
-2698.539258022153,1330
-2698.539258022153,1331
-2698.539258022153,1332
-2698.539258022153,1333
-4161.8112065720625,1334
-6207.863748524687,1335
-2698.539258022153,1336
-2698.539258022153,1337
-2698.539258022153,1338
-4812.242958763839,1339
-2698.539258022153,1340
-2698.539258022153,1341
-6467.455208546973,1342
-5273.607967925805,1343
-11313.272236391638,1344
-7034.179606131608,1345
-2698.539258022153,1346
-2698.539258022153,1347
-9234.879455205823,1348
-7930.727157096883,1349
-7034.179606131608,1350
-2698.539258022153,1351
-3810.3360193758945,1352
-4895.785227811681,1353
-2698.539258022153,1354
-2698.539258022153,1355
-4895.785227811681,1356
-6881.830509412986,1357
-6845.277948661097,1358
-2698.539258022153,1359
-7309.6286263884795,1360
-5273.607967925805,1361
-2698.539258022153,1362
-2698.539258022153,1363
-2698.539258022153,1364
-7142.5776383169905,1365
-4439.365887714817,1366
-2698.539258022153,1367
-2698.539258022153,1368
-2698.539258022153,1369
-3810.3360193758945,1370
-6845.277948661097,1371
-2698.539258022153,1372
-4270.209238757445,1373
-8586.104578353761,1374
-4464.767586751037,1375
-2698.539258022153,1376
-4459.110896227957,1377
-2698.690932135735,1378
-6712.673860455614,1379
-6845.277948661097,1380
-8586.104578353761,1381
-4439.365887714817,1382
-6845.277948661097,1383
-7824.470621809356,1384
-2698.539258022153,1385
-4270.218436075583,1386
-2698.539258022153,1387
-5730.23654865783,1388
-2698.539258022153,1389
-6712.673860455614,1390
-8586.104578353761,1391
-5316.31399751411,1392
-2698.539258022153,1393
-5733.4828505610885,1394
-2709.877981678289,1395
-8453.501795499726,1396
-4270.209238757445,1397
-2698.539258022153,1398
-7716.072589623974,1399
-2698.539258022153,1400
-2698.539258022153,1401
-2698.539258022153,1402
-5141.003879720322,1403
-2698.539258022153,1404
-2698.539258022153,1405
-2698.539258022153,1406
-5733.481187307355,1407
-2698.539258022153,1408
-2698.539258022153,1409
-4270.209238757445,1410
-2698.539258022153,1411
-2698.539258022153,1412
-5141.003879720322,1413
-9916.772438698188,1414
-4270.209238757445,1415
-3810.3360193758945,1416
-7494.455443842219,1417
-4270.209238757445,1418
-2698.539258022153,1419
-5733.481187307355,1420
-2698.539258022153,1421
-2698.539258022153,1422
-6845.277948661097,1423
-4161.8112065720625,1424
-5733.481187307355,1425
-4507.128478522115,1426
-2698.539258022153,1427
-2698.539258022153,1428
-2698.539258022153,1429
-4270.209238757445,1430
-8175.945809005524,1431
-2698.539258022153,1432
-4161.8112065720625,1433
-5733.481187307355,1434
-6845.277948661097,1435
-6845.277948661097,1436
-2698.539258022153,1437
-2698.539258022153,1438
-2698.539258022153,1439
-4436.435725833619,1440
-9287.742570359265,1441
-4270.209238757445,1442
-2698.539258022153,1443
-6845.277948661097,1444
-4459.110896227957,1445
-2698.539258022153,1446
-8345.102457962896,1447
-6845.277948661097,1448
-2698.539258022153,1449
-4270.209238757445,1450
-5733.481187307355,1451
-2698.539258022153,1452
-4459.110896227957,1453
-6252.800641074064,1454
-2698.539258022153,1455
-2698.539258022153,1456
-5733.481187307355,1457
-2698.539258022153,1458
-6252.800641074064,1459
-2698.539258022153,1460
-12789.140838257734,1461
-5570.907657581698,1462
-2698.539258022153,1463
-5726.627540938643,1464
-12789.140838257734,1465
-2698.539258022153,1466
-7824.470621809356,1467
-4895.785227811681,1468
-4161.8112065720625,1469
-4459.110896227957,1470
-7201.181492754285,1471
-2698.539258022153,1472
-2698.539258022153,1473
-9287.829555137721,1474
-8673.803028029839,1475
-2698.539258022153,1476
-5405.2996924221025,1477
-5902.637836264727,1478
-2698.539258022153,1479
-2698.539258022153,1480
-5141.003879720322,1481
-2698.539258022153,1482
-2977.651869464683,1483
-2698.539258022153,1484
-2698.539258022153,1485
-6845.277948661097,1486
-5141.003879720322,1487
-2987.4843894373234,1488
-2698.539258022153,1489
-5141.003879720322,1490
-5141.003879720322,1491
-8285.72682979135,1492
-7494.0528255131585,1493
-3810.3360193758945,1494
-2698.539258022153,1495
-7716.072589623974,1496
-2701.7855595093183,1497
-4895.785227811681,1498
-4459.110896227957,1499
-4270.209238757445,1500
-5141.003879720322,1501
-4270.209238757445,1502
-2698.539258022153,1503
-8605.8495868669,1504
-5273.607967925805,1505
-2698.539258022153,1506
-2698.539258022153,1507
-4270.209238757445,1508
-2698.539258022153,1509
-5902.637836264727,1510
-2698.539258022153,1511
-2698.539258022153,1512
-2698.539258022153,1513
-4270.209238757445,1514
-6845.277948661097,1515
-4270.209238757445,1516
-2698.539258022153,1517
-2698.539258022153,1518
-5733.481187307355,1519
-6712.673860455614,1520
-2698.539258022153,1521
-5141.004888267776,1522
-4270.209238757445,1523
-4270.209238757445,1524
-8453.500490148279,1525
-6881.830509412986,1526
-5141.003879720322,1527
-4161.8112065720625,1528
-6712.673860455614,1529
-2698.539258022153,1530
-6881.830509412986,1531
-8453.500490148279,1532
-4161.8112065720625,1533
-2698.539258022153,1534
-4459.110896227957,1535
-8605.8495868669,1536
-2698.539258022153,1537
-10214.072128354082,1538
-7716.072589623974,1539
-5141.003879720322,1540
-8175.945809005524,1541
-2698.539258022153,1542
-4270.209238757445,1543
-2698.539258022153,1544
-6901.575517926127,1545
-11048.314208565069,1546
-6712.673860455614,1547
-9287.742570359265,1548
-4270.209238757445,1549
-6011.03586845011,1550
-4270.209238757445,1551
-2698.539258022153,1552
-4270.209238757445,1553
-14067.988587682965,1554
-5733.481187307355,1555
-6712.673860455614,1556
-2698.539258022153,1557
-6845.277948661097,1558
-2698.539258022153,1559
-4270.209238757445,1560
-7034.179606131608,1561
-6711.404625518988,1562
-6604.2758282702325,1563
-9916.772438698188,1564
-5139.2209765712805,1565
-2698.539258022153,1566
-2698.539258022153,1567
-6604.2758282702325,1568
-2698.539258022153,1569
-4161.8112065720625,1570
-2698.539258022153,1571
-5141.003879720322,1572
-6712.673860455614,1573
-6712.673860455614,1574
-2698.539258022153,1575
-6712.673860455614,1576
-2698.539258022153,1577
-4270.209238757445,1578
-4270.209238757445,1579
-2698.539258022153,1580
-3810.3360193758945,1581
-2698.539258022153,1582
-2698.539258022153,1583
-2698.539258022153,1584
-2698.539258022153,1585
-4270.209238757445,1586
-2698.539258022153,1587
-5141.003879720322,1588
-6901.575517926127,1589
-8473.245498661418,1590
-2698.539258022153,1591
-2698.539258022153,1592
-8453.500490148279,1593
-5273.872048548141,1594
-4161.8112065720625,1595
-5733.481187307355,1596
-6011.03586845011,1597
-4270.271557811231,1598
-2698.539258022153,1599
-2698.539258022153,1600
-4161.8112065720625,1601
-4270.209238757445,1602
-2698.539258022153,1603
-2698.539258022153,1604
-2698.539258022153,1605
-4439.365887714817,1606
-8175.945809005524,1607
-6604.2758282702325,1608
-6252.800641074064,1609
-8775.006235824272,1610
-6712.673860455614,1611
-2698.539258022153,1612
-5141.003879720322,1613
-5141.003879720322,1614
-4270.209238757445,1615
-6881.762646901068,1616
-4270.209238757445,1617
-6712.673860455614,1618
-5733.481187307355,1619
-8345.102457962896,1620
-5733.481187307355,1621
-5141.003879720322,1622
-5141.003879720322,1623
-5141.003879720322,1624
-2698.539258022153,1625
-8218.874205990338,1626
-2698.539258022153,1627
-6881.830509412986,1628
-6252.800641074064,1629
-5140.16570832744,1630
-2698.539258022153,1631
-6604.2758282702325,1632
-4459.110896227957,1633
-4270.209238757445,1634
-11048.314208565069,1635
-7474.30781700002,1636
-2698.539258022153,1637
-2698.539258022153,1638
-4270.209238757445,1639
-7494.0528255131585,1640
-4161.8112065720625,1641
-6030.780876963248,1642
-2793.877889239408,1643
-5733.481187307355,1644
-4161.8112065720625,1645
-2698.539258022153,1646
-2698.539258022153,1647
-7443.13519647248,1648
-4270.209238757445,1649
-2698.539258022153,1650
-7824.470621809356,1651
-4459.110896227957,1652
-8473.245498661418,1653
-4270.209238757445,1654
-4270.209238757445,1655
-4270.209238757445,1656
-2698.539258022153,1657
-2698.539258022153,1658
-2698.539258022153,1659
-6030.780876963248,1660
-4459.110896227957,1661
-4459.110896227957,1662
-2698.539258022153,1663
-4459.110896227957,1664
-4459.110896227957,1665
-4270.411398609356,1666
-9234.878922294163,1667
-5733.481187307355,1668
-4270.209238757445,1669
-4270.209238757445,1670
-2698.539258022153,1671
-2698.539258022153,1672
-2698.539258022153,1673
-6881.830509412986,1674
-2698.539258022153,1675
-4270.209238757445,1676
-4270.209238757445,1677
-7474.30781700002,1678
-5733.481187307355,1679
-6845.277948661097,1680
-5902.637836264727,1681
-2698.539258022153,1682
-6252.800641074064,1683
-2698.539258022153,1684
-2698.539258022153,1685
-3810.3360193758945,1686
-4270.209238757445,1687
-4270.209238757445,1688
-4270.209238757445,1689
-7014.429699741075,1690
-4142.6106921426335,1691
-4270.209238757445,1692
-4270.209238757445,1693
-8345.102457962896,1694
-2698.539258022153,1695
-6712.673860455614,1696
-4270.209238757445,1697
-2698.539258022153,1698
-5733.481187307355,1699
-2698.539258022153,1700
-4270.209238757445,1701
-6712.673860455614,1702
-3038.566530387822,1703
-6604.2758282702325,1704
-5570.907657581698,1705
-15827.039387835677,1706
-9589.71717480601,1707
-2698.539258022153,1708
-2698.539258022153,1709
-8453.500490148279,1710
-2698.539258022153,1711
-2698.539258022153,1712
-2698.539258022153,1713
-2698.539258022153,1714
-4270.209238757445,1715
-7122.787087763753,1716
-6881.830509412986,1717
-2698.539258022153,1718
-2698.539258022153,1719
-6604.310066090131,1720
-5141.003879720322,1721
-4088.2607647521636,1722
-2698.539258022153,1723
-5733.481187307355,1724
-9287.742570359265,1725
-4270.209238757445,1726
-4270.209238757445,1727
-4270.209238757445,1728
-2698.539258022153,1729
-4161.8112065720625,1730
-4270.209238757445,1731
-4270.209238757445,1732
-4161.8112065720625,1733
-4439.365887714817,1734
-5733.481187307355,1735
-11028.56920005193,1736
-9287.742570359265,1737
-2698.539258022153,1738
-2698.539258022153,1739
-4459.110896227957,1740
-4459.110896227957,1741
-2698.539258022153,1742
-4270.209238757445,1743
-4270.209238757445,1744
-4161.8112065720625,1745
-4270.209238757445,1746
-2698.539258022153,1747
-7716.072589623974,1748
-7409.714848768226,1749
-4270.209238757445,1750
-7993.6272707667285,1751
-5733.481187307355,1752
-2698.539258022153,1753
-2698.539258022153,1754
-4459.044834523448,1755
-2698.539258022153,1756
-2698.539258022153,1757
-2698.539258022153,1758
-2698.539258022153,1759
-4161.8112065720625,1760
-4270.209238757445,1761
-8586.104578353761,1762
-7474.30781700002,1763
-8453.393828363782,1764
-4270.209238757445,1765
-2698.539258022153,1766
-8453.500490148279,1767
-4161.8112065720625,1768
-4270.209238757445,1769
-2698.539258022153,1770
-2698.539258022153,1771
-4270.210027950602,1772
-4270.209238757445,1773
-2698.539258022153,1774
-3810.3360193758945,1775
-2698.539258022153,1776
-6846.143120781337,1777
-4270.209238757445,1778
-2698.539258022153,1779
-2698.539258022153,1780
-9287.742570359265,1781
-9916.772438698188,1782
-7824.470106148756,1783
-4270.209238757445,1784
-2698.539258022153,1785
-5733.481187307355,1786
-2698.539258022153,1787
-9456.899219316638,1788
-5273.607967925805,1789
-2698.539258022153,1790
-2698.539258022153,1791
-9476.644227829776,1792
-2698.539258022153,1793
-8586.104578353761,1794
-4270.209238757445,1795
-6845.277948661097,1796
-4161.8112065720625,1797
-3810.3360193758945,1798
-2698.539258022153,1799
-2698.539258022153,1800
-4270.209238757445,1801
-6845.277948661097,1802
-4270.209238757445,1803
-4161.8112065720625,1804
-2698.539258022153,1805
-4384.99422888688,1806
-7474.30781700002,1807
-4161.8112065720625,1808
-2698.539258022153,1809
-2698.539258022153,1810
-2698.539258022153,1811
-2698.539258022153,1812
-4895.785227811681,1813
-2698.539258022153,1814
-4270.209238757445,1815
-9287.742570359265,1816
-2698.539258022153,1817
-2698.539258022153,1818
-9936.511449044147,1819
-2698.539258022153,1820
-4161.8112065720625,1821
-2698.539258022153,1822
-2698.539258022153,1823
-2698.539258022153,1824
-2698.9010161105894,1825
-4161.776706130556,1826
-2698.539258022153,1827
-4459.110896227957,1828
-11028.56920005193,1829
-2698.539258022153,1830
-5733.481187307355,1831
-9884.69733629213,1832
-2698.539258022153,1833
-2698.539258022153,1834
-6845.277948661097,1835
-3810.3305947895433,1836
-2698.539258022153,1837
-2698.539258022153,1838
-11028.596239622037,1839
-5405.963176911472,1840
-2698.539258022153,1841
-2698.539258022153,1842
-2698.539258022153,1843
-2698.539258022153,1844
-7716.072589623974,1845
-7474.30781700002,1846
-2698.539258022153,1847
-2698.539258022153,1848
-2698.539258022153,1849
-5141.003879720322,1850
-5733.481187307355,1851
-5733.481187307355,1852
-4895.785227811681,1853
-2698.539258022153,1854
-2698.539258022153,1855
-2698.539258022153,1856
-2698.539258022153,1857
-9509.292576419572,1858
-5141.003879720322,1859
-8473.245498661418,1860
-2698.539258022153,1861
-2698.539258022153,1862
-2698.539258022153,1863
-5315.185026773292,1864
-4823.74715883104,1865
-2698.539258022153,1866
-7716.072589623974,1867
-2698.539258022153,1868
-2698.539258022153,1869
-2698.5415206599782,1870
-2698.539258022153,1871
-5141.003879720322,1872
-7716.072589623974,1873
-2698.539258022153,1874
-4270.209238757445,1875
-4270.209238757445,1876
-7862.3190014717575,1877
-4459.110896227957,1878
-6067.8768884568,1879
-4461.223342971017,1880
-2745.9777730219507,1881
-3810.3360193758945,1882
-4439.365887714817,1883
-2698.539258022153,1884
-8175.945809005524,1885
-10755.491977255007,1886
-5615.552806348578,1887
-8345.102457962896,1888
-2698.539258022153,1889
-3810.3360193758945,1890
-9884.69733629213,1891
-2698.539258022153,1892
-5382.006000111187,1893
-2698.539258022153,1894
-4161.8112065720625,1895
-3810.3360193758945,1896
-8453.500490148279,1897
-6712.673860455614,1898
-4270.209238757445,1899
-2698.539258022153,1900
-4270.209238757445,1901
-3810.3360193758945,1902
-2698.612451806754,1903
-5141.032359027637,1904
-2698.539258022153,1905
-2698.539258022153,1906
-4162.112493819123,1907
-7474.30781700002,1908
-7716.072589623974,1909
-5902.637836264727,1910
-3246.4246699849195,1911
-11048.314208565069,1912
-4270.209238757445,1913
-2698.539258022153,1914
-2698.539258022153,1915
-3019.774048698769,1916
-4270.209238757445,1917
-2698.539258022153,1918
-2698.539258022153,1919
-11028.56920005193,1920
-2698.539258022153,1921
-4895.785227811681,1922
-2698.539258022153,1923
-2698.539258022153,1924
-4161.8112065720625,1925
-8605.8495868669,1926
-5551.162649068559,1927
-5733.481187307355,1928
-2698.539258022153,1929
-2698.539258022153,1930
-3810.3360193758945,1931
-4895.785227811681,1932
-2698.539258022153,1933
-3810.3360193758945,1934
-2698.539258022153,1935
-4161.8112065720625,1936
-2698.539258022153,1937
-4270.209238757445,1938
-9456.904263898881,1939
-7493.972996585597,1940
-4459.110896227957,1941
-3810.3360193758945,1942
-2698.539258022153,1943
-5274.738337919849,1944
-2698.539258022153,1945
-6845.277948661097,1946
-5570.907657581698,1947
-4895.785227811681,1948
-5902.637836264727,1949
-4270.209238757445,1950
-2698.539258022153,1951
-2698.539258022153,1952
-2698.539258022153,1953
-9916.772438698188,1954
-4161.8112065720625,1955
-9456.327997878523,1956
-2698.539258022153,1957
-5570.907657581698,1958
-5570.903351992265,1959
-5141.003879720322,1960
-5733.481187307355,1961
-2705.3020395549966,1962
-2698.539258022153,1963
-5733.481187307355,1964
-4161.8112065720625,1965
-2698.539258022153,1966
-2698.539258022153,1967
-3810.3360193758945,1968
-5273.607967925805,1969
-2698.539258022153,1970
-2698.539258022153,1971
-5733.481187307355,1972
-2698.539258022153,1973
-2698.539258022153,1974
-2698.539258022153,1975
-5288.1900317970285,1976
-6064.880257005455,1977
-4270.209238757445,1978
-4161.8112065720625,1979
-7477.800292764741,1980
-5382.006000111187,1981
-8313.027355556838,1982
-12789.140838257734,1983
-4161.8112065720625,1984
-8345.102457962896,1985
-4459.110896227957,1986
-2698.539258022153,1987
-2698.539258022153,1988
-2699.151051490628,1989
-2698.539258022153,1990
-2698.539258022153,1991
-2698.539258022153,1992
-2698.539258022153,1993
-6199.937525920621,1994
-2698.539258022153,1995
-2698.539258022153,1996
-6845.277948661097,1997
-2698.595859493247,1998
-5382.006000111187,1999
-2698.539258022153,2000
-2698.539258022153,2001
-4161.8112065720625,2002
-2698.539258022153,2003
-5829.305507423596,2004
-7824.470621809356,2005
-7474.30781700002,2006
-5733.481187307355,2007
-12956.133900707942,2008
-5273.607967925805,2009
-2698.539258022153,2010
-8513.945223006263,2011
-6252.800641074064,2012
-4161.8112065720625,2013
-4161.8112065720625,2014
-8605.8495868669,2015
-4161.8112065720625,2016
-2698.539258022153,2017
-5733.481187307355,2018
-12975.936834842361,2019
-13225.815169841459,2020
-9287.742570359265,2021
-2698.539258022153,2022
-2698.539258022153,2023
-5902.637836264727,2024
-2698.539258022153,2025
-8772.898906907076,2026
-7716.072589623974,2027
-5273.607967925805,2028
-4161.8112065720625,2029
-8175.945809005524,2030
-2698.539258022153,2031
-2698.539258022153,2032
-3810.3360193758945,2033
-9916.772438698188,2034
-7122.832629803852,2035
-2698.539258022153,2036
-2698.539258022153,2037
-4161.8112065720625,2038
-2698.539258022153,2039
-6604.2758282702325,2040
-4161.8112065720625,2041
-2698.539258022153,2042
-2698.539258022153,2043
-6604.2758282702325,2044
-8450.046610863592,2045
-4895.319519933978,2046
-4459.110896227957,2047
-2698.539258022153,2048
-7474.30781700002,2049
-2698.539258022153,2050
-4459.110896227957,2051
-3810.3360193758945,2052
-2722.6983582096304,2053
-2698.539258022153,2054
-5273.607967925805,2055
-9287.742570359265,2056
-3810.3360193758945,2057
-7014.433982511866,2058
-5382.006000111187,2059
-4895.785227811681,2060
-7900.106443605799,2061
-2698.539258022153,2062
-2698.539258022153,2063
-2698.5649685041267,2064
-3810.3360193758945,2065
-12789.861798783744,2066
-2698.539258022153,2067
-8345.102457962896,2068
-7716.072589623974,2069
-9287.742570359265,2070
-2698.539258022153,2071
-8175.945809005524,2072
-2698.539258022153,2073
-2698.539258022153,2074
-2698.539258022153,2075
-2698.539258022153,2076
-2698.539258022153,2077
-4270.209238757445,2078
-5273.607967925805,2079
-9456.899219316638,2080
-11048.314208565069,2081
-6845.277948661097,2082
-7716.072589623974,2083
-8613.612505319565,2084
-5733.481187307355,2085
-5273.607967925805,2086
-2698.539258022153,2087
-4161.8112065720625,2088
-4439.365887714817,2089
-5545.335207717108,2090
-11028.56920005193,2091
-9916.772438698188,2092
-11636.259091227019,2093
-6845.277948661097,2094
-4161.8112065720625,2095
-2698.539258022153,2096
-4270.209238757445,2097
-5273.607967925805,2098
-6853.514532920195,2099
-6845.277948661097,2100
-3810.3360193758945,2101
-4270.209238757445,2102
-5141.003879720322,2103
-4161.8112065720625,2104
-6867.965338297915,2105
-4161.8112065720625,2106
-4270.209238757445,2107
-9287.742570359265,2108
-4895.784437107089,2109
-4787.775980445301,2110
-4270.209238757445,2111
-6881.830509412986,2112
-5733.522644657524,2113
-6712.673860455614,2114
-2698.539258022153,2115
-6901.575517926127,2116
-2698.539258022153,2117
-6252.800641074064,2118
-2698.539258022153,2119
-2698.539258022153,2120
-2698.539258022153,2121
-2698.539258022153,2122
-2698.539258022153,2123
-7014.4345976184695,2124
-11840.779368229869,2125
-5141.003879720322,2126
-2698.539258022153,2127
-2698.539258022153,2128
-5273.607967925805,2129
-2698.539258022153,2130
-2698.539258022153,2131
-2698.539258022153,2132
-8606.406138588518,2133
-2698.539258022153,2134
-2698.539258022153,2135
-5733.481187307355,2136
-6845.277948661097,2137
-6845.277948661097,2138
-5273.607967925805,2139
-6849.7496382689515,2140
-2698.539258022153,2141
-2698.539258022153,2142
-4161.8112065720625,2143
-5809.65219595918,2144
-5382.006000111187,2145
-4270.209238757445,2146
-2698.539258022153,2147
-7142.5776383169905,2148
-5273.607967925805,2149
-2698.539258022153,2150
-7014.4345976184695,2151
-9884.69733629213,2152
-2698.539258022153,2153
-15828.560225888768,2154
-6252.800641074064,2155
-2698.539258022153,2156
-2698.539258022153,2157
-2698.539258022153,2158
-7014.4345976184695,2159
-2698.539258022153,2160
-2698.539258022153,2161
-5733.481187307355,2162
-5902.637836264727,2163
-8586.104578353761,2164
-2698.539258022153,2165
-2698.539258022153,2166
-2698.539258022153,2167
-11221.408159737799,2168
-9287.742570359265,2169
-5733.516625070785,2170
-9916.772438698188,2171
-5902.637836264727,2172
-4270.209238757445,2173
-7200.531253901555,2174
-2698.539258022153,2175
-2698.539258022153,2176
-6901.575517926127,2177
-3810.3360193758945,2178
-2698.539258022153,2179
-2698.539258022153,2180
-2698.539258022153,2181
-5141.003879720322,2182
-2698.539258022153,2183
-2698.539258022153,2184
-5726.627540938643,2185
-2698.539258022153,2186
-2698.539258022153,2187
-4161.8112065720625,2188
-2698.539258022153,2189
-2698.539258022153,2190
-2698.539258022153,2191
-5141.003879720322,2192
-2698.539258022153,2193
-4459.110896227957,2194
-2698.539258022153,2195
-6845.277948661097,2196
-6881.830509412986,2197
-9287.742570359265,2198
-8800.357103216158,2199
-2698.539258022153,2200
-2698.539258022153,2201
-5733.481187307355,2202
-6252.800641074064,2203
-2698.539258022153,2204
-7824.470621809356,2205
-2698.539258022153,2206
-2698.539258022153,2207
-5141.003879720322,2208
-5273.607967925805,2209
-2698.539258022153,2210
-2698.539258022153,2211
-3810.3360193758945,2212
-3810.3360193758945,2213
-2698.539258022153,2214
-2698.649764912647,2215
-5733.481187307355,2216
-5733.481187307355,2217
-2698.539258022153,2218
-6252.800641074064,2219
-5382.006000111187,2220
-4270.209238757445,2221
-7954.9491488284375,2222
-5733.481187307355,2223
-2698.539258022153,2224
-7716.072589623974,2225
-5733.481187307355,2226
-5141.003879720322,2227
-3810.3360193758945,2228
-4270.209238757445,2229
-5931.7117416218,2230
-4161.8112065720625,2231
-11677.344076903992,2232
-2698.539258022153,2233
-2698.539258022153,2234
-4270.209238757445,2235
-6717.637559023747,2236
-2736.869278836845,2237
-6712.673860455614,2238
-4161.8112065720625,2239
-4161.8112065720625,2240
-8775.006235824272,2241
-5725.85527307391,2242
-2698.539258022153,2243
-2698.539258022153,2244
-2698.539258022153,2245
-6845.277948661097,2246
-3810.5076614176687,2247
-3810.3360193758945,2248
-4459.110896227957,2249
-6252.800641074064,2250
-9457.044016840102,2251
-6845.277948661097,2252
-5141.003879720322,2253
-4161.8112065720625,2254
-9476.644227829776,2255
-7494.0528255131585,2256
-5570.907657581698,2257
-5382.013823886841,2258
-2698.6619932174244,2259
-4459.110896227957,2260
-2698.539258022153,2261
-6903.533542000311,2262
-5382.006000111187,2263
-9456.899219316638,2264
-4895.785227811681,2265
-3498.1641982758943,2266
-5733.481187307355,2267
-7455.396506366167,2268
-11048.314208565069,2269
-3810.3360193758945,2270
-5733.481187307355,2271
-8345.102457962896,2272
-4161.8112065720625,2273
-8302.127956677232,2274
-3810.3360193758945,2275
-8344.47667691181,2276
-2698.539258022153,2277
-2698.539258022153,2278
-4269.779479195459,2279
-4270.209238757445,2280
-8586.104578353761,2281
-4161.8112065720625,2282
-4439.365887714817,2283
-2698.539258022153,2284
-6359.057176361591,2285
-2698.539258022153,2286
-2698.539258022153,2287
-2698.539258022153,2288
-6517.758668900633,2289
-2698.539258022153,2290
-2698.539258022153,2291
-5570.905470213773,2292
-6252.800641074064,2293
-2698.539258022153,2294
-5141.003879720322,2295
-6252.800641074064,2296
-2698.539258022153,2297
-2698.539258022153,2298
-4270.209238757445,2299
-4459.110896227957,2300
-2698.539258022153,2301
-4439.365887714817,2302
-8772.900574938389,2303
-6845.277948661097,2304
-6604.2758282702325,2305
-2698.539258022153,2306
-2698.539258022153,2307
-5141.001890684746,2308
-4161.8112065720625,2309
-2698.539258022153,2310
-2747.688303873467,2311
-2698.539258022153,2312
-4161.8112065720625,2313
-2698.539258022153,2314
-5141.003879720322,2315
-4161.8112065720625,2316
-6252.800641074064,2317
-5048.6062743983875,2318
-2698.539258022153,2319
-2698.539258022153,2320
-2698.539258022153,2321
-6712.733288844234,2322
-4161.8112065720625,2323
-2698.539258022153,2324
-2698.539258022153,2325
-8649.760622467329,2326
-2698.539258022153,2327
-2698.539258022153,2328
-6252.800641074064,2329
-2698.539258022153,2330
-2698.539258022153,2331
-2698.539258022153,2332
-4270.209238757445,2333
-4459.110896227957,2334
-4459.110896227957,2335
-5733.481187307355,2336
-5273.89162548997,2337
-4270.209238757445,2338
-2698.539258022153,2339
-2698.539258022153,2340
-2698.6167067005454,2341
-2698.539258022153,2342
-2698.539258022153,2343
-2698.539258022153,2344
-6604.2758282702325,2345
-4161.8112065720625,2346
-2698.539258022153,2347
-2698.539258022153,2348
-2698.539258022153,2349
-5141.003879720322,2350
-2698.539258022153,2351
-5902.637836264727,2352
-5922.382844777867,2353
-4270.209238757445,2354
-2698.539258022153,2355
-5141.003879720322,2356
-12789.140838257734,2357
-2698.539258022153,2358
-2698.539258022153,2359
-2698.539258022153,2360
-4459.110896227957,2361
-4459.110896227957,2362
-7824.470621809356,2363
-4161.8112065720625,2364
-2698.539258022153,2365
-5733.481187307355,2366
-7494.0528255131585,2367
-5141.003879720322,2368
-2698.539258022153,2369
-11048.314208565069,2370
-6845.277948661097,2371
-3810.3360193758945,2372
-4270.209238757445,2373
-4439.365887714817,2374
-2698.539258022153,2375
-2698.539258022153,2376
-4161.8112065720625,2377
-2698.539258022153,2378
-2698.539258022153,2379
-7716.072589623974,2380
-5733.481187307355,2381
-2698.539258022153,2382
-4270.209238757445,2383
-5273.607967925805,2384
-2698.539258022153,2385
-2698.539258022153,2386
-2698.539258022153,2387
-5726.627540938643,2388
-8345.102457962896,2389
-5141.003879720322,2390
-2698.539258022153,2391
-5141.003879720322,2392
-2698.539258022153,2393
-2698.539258022153,2394
-2698.539258022153,2395
-2698.539258022153,2396
-4459.110896227957,2397
-7930.727157096883,2398
-3810.3360193758945,2399
-2698.539258022153,2400
-11217.470857522441,2401
-4439.365887714817,2402
-2698.539258022153,2403
-5141.003879720322,2404
-8585.136464386665,2405
-7993.643287896104,2406
-4161.8112065720625,2407
-2698.548188849011,2408
-8312.947103067574,2409
-7494.0528255131585,2410
-2698.539258022153,2411
-2698.539258022153,2412
-5382.006000111187,2413
-4161.8112065720625,2414
-2698.539258022153,2415
-5141.003879720322,2416
-2698.539258022153,2417
-2698.539258022153,2418
-4270.209238757445,2419
-4161.8112065720625,2420
-4270.209238757445,2421
-2698.539258022153,2422
-7014.4345976184695,2423
-2698.539258022153,2424
-2698.539258022153,2425
-2698.586212072066,2426
-4161.8112065720625,2427
-2698.539258022153,2428
-2698.539258022153,2429
-4161.8112065720625,2430
-2698.539258022153,2431
-2699.3138985977375,2432
-6252.800641074064,2433
-7122.832629803852,2434
-6882.296676660482,2435
-2698.539258022153,2436
-4270.209238757445,2437
-2698.539258022153,2438
-8605.625169268402,2439
-2698.539258022153,2440
-2699.9409381011756,2441
-2698.539258022153,2442
-4270.209238757445,2443
-7716.072589623974,2444
-9476.644227829776,2445
-5733.481187307355,2446
-4161.8112065720625,2447
-5273.607967925805,2448
-11028.56920005193,2449
-6845.277948661097,2450
-2698.539258022153,2451
-2698.539258022153,2452
-4161.8112065720625,2453
-2699.199937654094,2454
-2698.539258022153,2455
-2698.539258022153,2456
-2698.539258022153,2457
-5273.607967925805,2458
-5733.481187307355,2459
-2698.539258022153,2460
-4161.8112065720625,2461
-2698.539258022153,2462
-2698.539258022153,2463
-4270.209238757445,2464
-5141.003879720322,2465
-2698.539258022153,2466
-3810.3360193758945,2467
-13704.83784730311,2468
-4161.8112065720625,2469
-2698.539258022153,2470
-2698.539258022153,2471
-11028.56920005193,2472
-2698.539258022153,2473
-5141.003879720322,2474
-2698.539258022153,2475
-2698.539258022153,2476
-4270.209238757445,2477
-3810.3360193758945,2478
-7993.6272707667285,2479
-4161.8112065720625,2480
-5733.481187307355,2481
-6604.2758282702325,2482
-3810.3360193758945,2483
-2698.539258022153,2484
-8605.8495868669,2485
-2698.539258022153,2486
-2698.539258022153,2487
-2698.539258022153,2488
-2700.2622369579894,2489
-2698.539258022153,2490
-6845.277948661097,2491
-4161.8112065720625,2492
-2698.539258022153,2493
-5733.481187307355,2494
-5382.006000111187,2495
-2698.539258022153,2496
-9287.742570359265,2497
-11140.664964952015,2498
-4161.8112065720625,2499
-2703.273723617758,2500
-7474.30781700002,2501
-2698.539258022153,2502
-4161.8112065720625,2503
-5382.006000111187,2504
-7741.636208097593,2505
-2698.539258022153,2506
-2698.539258022153,2507
-3810.3360193758945,2508
-3810.3360193758945,2509
-3123.659944392011,2510
-2698.539258022153,2511
-2698.539258022153,2512
-2698.539258022153,2513
-2698.539258022153,2514
-2698.539258022153,2515
-2698.539258022153,2516
-2698.539258022153,2517
-11028.56920005193,2518
-2698.539258022153,2519
-8775.006235824272,2520
-4270.209238757445,2521
-2698.539258022153,2522
-2698.539258022153,2523
-2698.539258022153,2524
-8642.40214761879,2525
-6901.575517926127,2526
-11028.56920005193,2527
-9456.899219316638,2528
-6604.2758282702325,2529
-2698.539258022153,2530
-5548.756721874997,2531
-8605.8495868669,2532
-2698.539258022153,2533
-2702.4058197411373,2534
-4270.209238757445,2535
-4270.209238757445,2536
-2698.539258022153,2537
-6712.673860455614,2538
-2698.539258022153,2539
-6712.673860455614,2540
-7716.072589623974,2541
-3810.3360193758945,2542
-7474.30781700002,2543
-2698.539258022153,2544
-5141.003879720322,2545
-6252.800641074064,2546
-4270.209238757445,2547
-2698.539258022153,2548
-2698.539258022153,2549
-2698.539258022153,2550
-4161.8112065720625,2551
-2698.539258022153,2552
-2698.539258022153,2553
-4459.110896227957,2554
-3818.155145957473,2555
-5733.481187307355,2556
-4895.785227811681,2557
-4895.785227811681,2558
-2698.539258022153,2559
-4270.209238757445,2560
-9287.742570359265,2561
-8345.102457962896,2562
-5141.003879720322,2563
-4161.8112065720625,2564
-2698.539258022153,2565
-6604.2758282702325,2566
-4161.8112065720625,2567
-7142.5776383169905,2568
-10346.676216559565,2569
-5733.481187307355,2570
-2698.539258022153,2571
-4161.8112065720625,2572
-4270.209238757445,2573
-2698.539258022153,2574
-4270.209238757445,2575
-6656.356866017484,2576
-2698.539258022153,2577
-2698.539258022153,2578
-4459.110896227957,2579
-5382.006000111187,2580
-6604.2758282702325,2581
-8313.027355556838,2582
-2698.539258022153,2583
-2698.539258022153,2584
-7474.30781700002,2585
-2698.539258022153,2586
-2698.539258022153,2587
-2698.539258022153,2588
-2698.539258022153,2589
-2698.539258022153,2590
-2698.539258022153,2591
-2698.539258022153,2592
-2698.539258022153,2593
-5733.481187307355,2594
-4270.209238757445,2595
-8586.104578353761,2596
-2698.539258022153,2597
-5382.006000111187,2598
-4161.8112065720625,2599
-2698.5415937860735,2600
-2698.539258022153,2601
-4895.785227811681,2602
-8586.104578353761,2603
-6030.766310680092,2604
-2698.539258022153,2605
-2698.539258022153,2606
-3810.3360193758945,2607
-2800.1352939466587,2608
-5273.607967925805,2609
-2698.539258022153,2610
-3810.3360193758945,2611
-4270.209238757445,2612
-7824.470621809356,2613
-2698.539258022153,2614
-2698.539258022153,2615
-4895.785227811681,2616
-8313.008699014712,2617
-2698.539258022153,2618
-11325.868889707825,2619
-6712.673860455614,2620
-4270.209238757445,2621
-2698.804609974358,2622
-5382.006000111187,2623
-2698.539258022153,2624
-2720.2265009051052,2625
-6604.2758282702325,2626
-2698.539258022153,2627
-9287.742570359265,2628
-4270.209238757445,2629
-4161.8112065720625,2630
-2698.539258022153,2631
-2698.539258022153,2632
-3810.3360193758945,2633
-3810.3360193758945,2634
-2698.539258022153,2635
-2698.539258022153,2636
-4161.8112065720625,2637
-2698.539258022153,2638
-6845.277948661097,2639
-2698.539258022153,2640
-2698.539258022153,2641
-2698.539258022153,2642
-9884.69733629213,2643
-6897.460392873151,2644
-3580.5370947236333,2645
-7993.6272707667285,2646
-5141.003879720322,2647
-5772.719712656197,2648
-2747.791356026032,2649
-5733.481187307355,2650
-4161.8112065720625,2651
-2698.5446795291673,2652
-4895.785227811681,2653
-6252.800641074064,2654
-12789.140838257734,2655
-9287.742570359265,2656
-2698.539258022153,2657
-5273.607967925805,2658
-14067.988587682965,2659
-8586.104578353761,2660
-2698.539258022153,2661
-2698.539258022153,2662
-2698.539258022153,2663
-5273.607967925805,2664
-7196.995238525873,2665
-5405.764502886709,2666
-2698.539258022153,2667
-2838.4206336867055,2668
-2698.5451052736817,2669
-11028.56920005193,2670
-4270.209238757445,2671
-5733.740410740548,2672
-4366.20139888246,2673
-2698.539258022153,2674
-5405.961907546891,2675
-5141.003879720322,2676
-2698.539258022153,2677
-9079.076479202515,2678
-6845.277948661097,2679
-7494.0528255131585,2680
-4161.8112065720625,2681
-6030.780876963248,2682
-2698.539258022153,2683
-2698.539258022153,2684
-8013.372279279867,2685
-4270.209238757445,2686
-2698.539258022153,2687
-7716.072589623974,2688
-6359.057176361591,2689
-2698.539258022153,2690
-5273.607967925805,2691
-5273.607967925805,2692
-9287.742570359265,2693
-4270.209238757445,2694
-2698.539258022153,2695
-4161.8112065720625,2696
-2698.539258022153,2697
-2698.539258022153,2698
-6845.277948661097,2699
-2698.539258022153,2700
-4270.209238757445,2701
-4895.785227811681,2702
-5273.607967925805,2703
-6604.2758282702325,2704
-2698.539258022153,2705
-2698.539258022153,2706
-2698.539258022153,2707
-9287.742570359265,2708
-5141.003879720322,2709
-2698.9322501821775,2710
-2698.539258022153,2711
-6359.057176361591,2712
-5141.003879720322,2713
-7189.899489488553,2714
-2698.539258022153,2715
-3810.3360193758945,2716
-4895.785227811681,2717
-4459.110896227957,2718
-2698.539258022153,2719
-2698.539258022153,2720
-6845.277948661097,2721
-5733.481187307355,2722
-2698.539258022153,2723
-5405.961907546891,2724
-11655.59189398805,2725
-7993.6272707667285,2726
-2698.539258022153,2727
-4161.8112065720625,2728
-2698.539258022153,2729
-5141.003879720322,2730
-2698.539258022153,2731
-11217.470857522441,2732
-5897.1315425219955,2733
-6604.2758282702325,2734
-5141.003879720322,2735
-6604.2758282702325,2736
-2698.539258022153,2737
-2698.539258022153,2738
-2698.539258022153,2739
-6604.2758282702325,2740
-3814.8977579642474,2741
-6517.758668900633,2742
-5273.607967925805,2743
-3810.3360193758945,2744
-2698.539258022153,2745
-2698.539258022153,2746
-2698.539258022153,2747
-2698.539258022153,2748
-5273.607967925805,2749
-2698.539258022153,2750
-4456.3755879173805,2751
-11486.42350477242,2752
-11028.569783064304,2753
-5273.607967925805,2754
-7579.251969900715,2755
-5273.607967925805,2756
-4895.785227811681,2757
-2698.539258022153,2758
-9320.07859959338,2759
-4270.209238757445,2760
-2698.539258022153,2761
-4270.209238757445,2762
-2698.539258022153,2763
-4270.209238757445,2764
-2698.539258022153,2765
-2698.539258022153,2766
-4161.8112065720625,2767
-2698.539258022153,2768
-5733.481187307355,2769
-2698.539258022153,2770
-3810.3360193758945,2771
-2698.539258022153,2772
-7494.0528255131585,2773
-4895.785227811681,2774
-5733.481187307355,2775
-2698.539258022153,2776
-5273.607967925805,2777
-2698.539258022153,2778
-4270.209238757445,2779
-2698.539258022153,2780
-4161.8112065720625,2781
-7663.184976500127,2782
-4161.8737553907185,2783
-5669.271246283935,2784
-4459.110896227957,2785
-2698.539258022153,2786
-8605.8495868669,2787
-2698.539258022153,2788
-2698.539258022153,2789
-7738.31168210783,2790
-9916.785303231225,2791
-5733.481187307355,2792
-9884.69733629213,2793
-9287.742570359265,2794
-5273.607967925805,2795
-5405.961907546891,2796
-4161.8112065720625,2797
-2698.539258022153,2798
-4439.365887714817,2799
-2698.539258022153,2800
-5714.317950638208,2801
-2698.539258022153,2802
-5141.003879720322,2803
-2698.539258022153,2804
-2698.5427964807777,2805
-6901.575517926127,2806
-6359.057176361591,2807
-2698.539258022153,2808
-2698.539258022153,2809
-2698.539258022153,2810
-2698.539258022153,2811
-2698.539258022153,2812
-2698.539258022153,2813
-4161.8112065720625,2814
-2698.539258022153,2815
-4161.8112065720625,2816
-5902.637836264727,2817
-4270.209238757445,2818
-3810.3360193758945,2819
-2698.539258022153,2820
-2698.539258022153,2821
-7122.363918041625,2822
-11947.373871908596,2823
-5733.481187307355,2824
-2698.539258022153,2825
-9234.879455205823,2826
-2698.539258022153,2827
-4161.8112065720625,2828
-2698.539258022153,2829
-2698.539258022153,2830
-2698.539258022153,2831
-2698.539258022153,2832
-2698.539258022153,2833
-2710.9681681504876,2834
-5141.003879720322,2835
-6252.800641074064,2836
-2698.539258022153,2837
-4161.8112065720625,2838
-5733.481187307355,2839
-2698.541000797512,2840
-2698.539258022153,2841
-5141.003879720322,2842
-2698.539258022153,2843
-2700.3158171086784,2844
-5141.003879720322,2845
-5141.003879720322,2846
-6712.673860455614,2847
-8269.243346196037,2848
-11028.56920005193,2849
-5733.481187307355,2850
-2698.539258022153,2851
-6359.057176361591,2852
-2871.3195644623843,2853
-5273.607967925805,2854
-4895.785227811681,2855
-2698.539258022153,2856
-4270.209238757445,2857
-2698.539258022153,2858
-2698.539258022153,2859
-6252.800641074064,2860
-5273.607967925805,2861
-2698.539258022153,2862
-5141.003879720322,2863
-2698.539258022153,2864
-2698.539258022153,2865
-2698.539258022153,2866
-5733.481187307355,2867
-2698.539258022153,2868
-2698.539258022153,2869
-4161.8112065720625,2870
-2698.539258022153,2871
-8345.102457962896,2872
-5273.607967925805,2873
-11217.727381156084,2874
-3798.9776646290866,2875
-6845.277948661097,2876
-2698.539258022153,2877
-6845.277948661097,2878
-2698.539258022153,2879
-2698.539258022153,2880
-2698.539258022153,2881
-12777.107394048788,2882
-5141.003879720322,2883
-5141.003879720322,2884
-5922.382844777867,2885
-5382.006000111187,2886
-8345.102457962896,2887
-8586.104578353761,2888
-8586.104578353761,2889
-2698.539258022153,2890
-9287.742570359265,2891
-2698.539258022153,2892
-2698.539258022153,2893
-5382.006000111187,2894
-2698.539258022153,2895
-5902.637836264727,2896
-2698.539258022153,2897
-5273.607967925805,2898
-2698.539258022153,2899
-11028.56920005193,2900
-2698.539258022153,2901
-2698.539258022153,2902
-2698.539258022153,2903
-2698.539258022153,2904
-11048.30963747551,2905
-2698.539258022153,2906
-4890.43656453754,2907
-5281.601181603441,2908
-3810.3360193758945,2909
-10533.472213144192,2910
-2698.539258022153,2911
-5141.003879720322,2912
-11028.56920005193,2913
-2698.539258022153,2914
-4895.785227811681,2915
-2724.2366801559892,2916
-5733.481187307355,2917
-5947.630105177321,2918
-7716.072589623974,2919
-8345.102457962896,2920
-2698.539258022153,2921
-6252.800641074064,2922
-2698.539258022153,2923
-2698.539258022153,2924
-2698.539258022153,2925
-4270.209238757445,2926
-2698.539258022153,2927
-13933.753277087739,2928
-2698.539258022153,2929
-4164.0585433743,2930
-7201.224035568385,2931
-5141.003879720322,2932
-6252.800641074064,2933
-4269.498372468272,2934
-5141.003879720322,2935
-2698.539258022153,2936
-2698.539258022153,2937
-2698.539258022153,2938
-2698.539258022153,2939
-5141.003879720322,2940
-4161.8112065720625,2941
-6881.830509412986,2942
-5273.607967925805,2943
-2698.539258022153,2944
-5287.729371074632,2945
-2698.5398739857255,2946
-3810.3360193758945,2947
-2700.3769984815826,2948
-8345.102457962896,2949
-6604.2758282702325,2950
-4161.8112065720625,2951
-6712.673860455614,2952
-2698.539258022153,2953
-3537.618752727593,2954
-3810.3360193758945,2955
-2698.539258022153,2956
-4270.209238757445,2957
-4270.209238757445,2958
-2698.539258022153,2959
-6704.796266002761,2960
-2761.537018091196,2961
-8775.002112392081,2962
-9883.132890216562,2963
-2698.539258022153,2964
-4161.8112065720625,2965
-6845.277948661097,2966
-2698.539258022153,2967
-5273.607967925805,2968
-4270.209238757445,2969
-4270.209238757445,2970
-5733.481187307355,2971
-6252.800641074064,2972
-11048.314208565069,2973
-2698.539258022153,2974
-7824.470621809356,2975
-4270.209238757445,2976
-9916.772438698188,2977
-2698.539258022153,2978
-5902.637836264727,2979
-3810.3360193758945,2980
-4161.8112065720625,2981
-2698.539258022153,2982
-4281.441174236991,2983
-3810.3360193758945,2984
-4161.8112065720625,2985
-2698.539258022153,2986
-2698.539258022153,2987
-2698.539258022153,2988
-6030.780876963248,2989
-3810.3360193758945,2990
-2698.539258022153,2991
-4270.209238757445,2992
-5733.452899607613,2993
-2698.539258022153,2994
-4161.8112065720625,2995
-4270.209238757445,2996
-2698.539258022153,2997
-5141.003879720322,2998
-5141.003879720322,2999
-2698.539258022153,3000
-2698.539258022153,3001
-5902.637836264727,3002
-8345.102457962896,3003
-7824.470621809356,3004
-6901.575517926127,3005
-7716.072589623974,3006
-5570.907657581698,3007
-6845.277948661097,3008
-3810.3360193758945,3009
-2698.539258022153,3010
-3810.7647994885597,3011
-11028.56920005193,3012
-7033.659029375348,3013
-9476.644227829776,3014
-7014.4345976184695,3015
-2698.6392530496855,3016
-2698.539258022153,3017
-2698.539258022153,3018
-7494.0528255131585,3019
-9916.772438698188,3020
-4161.8112065720625,3021
-2698.539258022153,3022
-2698.539258022153,3023
-5273.607967925805,3024
-6030.780876963248,3025
-5231.2384306559015,3026
-2698.539258022153,3027
-2698.539258022153,3028
-4161.8112065720625,3029
-2698.539258022153,3030
-4459.110896227957,3031
-5539.961224328571,3032
-9936.517447211327,3033
-4270.209238757445,3034
-4270.209238757445,3035
-6604.2758282702325,3036
-5141.003879720322,3037
-2931.137547522856,3038
-4161.8112065720625,3039
-11028.56920005193,3040
-8775.006235824272,3041
-2698.539258022153,3042
-9916.772438698188,3043
-2698.539258022153,3044
-2698.539258022153,3045
-6852.535817150755,3046
-2698.539258022153,3047
-4161.969891110219,3048
-4161.8112065720625,3049
-11028.56920005193,3050
-2698.539258022153,3051
-4161.8112065720625,3052
-2698.539258022153,3053
-4270.209238757445,3054
-8345.102457962896,3055
-7716.072589623974,3056
-5141.003879720322,3057
-4270.209238757445,3058
-4161.8112065720625,3059
-5141.003879720322,3060
-2698.539258022153,3061
-2698.539258022153,3062
-3943.7644172058326,3063
-2698.539258022153,3064
-2698.539258022153,3065
-2698.539258022153,3066
-8175.945809005524,3067
-5141.003879720322,3068
-4161.8112065720625,3069
-2698.539258022153,3070
-2698.539258022153,3071
-5141.003879720322,3072
-4383.588936354048,3073
-2698.539258022153,3074
-2698.539258022153,3075
-4459.110896227957,3076
-7338.24984950985,3077
-6030.780876963248,3078
-2698.539258022153,3079
-6252.800641074064,3080
-2698.539258022153,3081
-2698.539258022153,3082
-5733.481187307355,3083
-2698.539258022153,3084
-4161.487809529093,3085
-2698.539258022153,3086
-3810.3349460593327,3087
-2698.539258022153,3088
-5141.003879720322,3089
-9916.772438698188,3090
-2698.539258022153,3091
-2698.539258022153,3092
-2698.5404784835223,3093
-5273.607967925805,3094
-2698.539258022153,3095
-2698.539258022153,3096
-3810.3360193758945,3097
-7993.6272707667285,3098
-6252.800641074064,3099
-5141.003879720322,3100
-7474.30781700002,3101
-8772.900574938389,3102
-6252.800641074064,3103
-2698.539258022153,3104
-3810.3360193758945,3105
-2864.852491365117,3106
-2698.539258022153,3107
-6252.800641074064,3108
-4270.209238757445,3109
-2698.539258022153,3110
-2698.539258022153,3111
-7338.24984950985,3112
-5141.003879720322,3113
-2698.539258022153,3114
-2698.539258022153,3115
-4161.8112065720625,3116
-2698.539258022153,3117
-2698.539258022153,3118
-5141.003879720322,3119
-4270.209238757445,3120
-2698.539258022153,3121
-6881.568345054364,3122
-9456.899219316638,3123
-3810.3360193758945,3124
-6252.799557424795,3125
-5902.637836264727,3126
-4270.209238757445,3127
-7311.748995817145,3128
-6845.277948661097,3129
-2698.539258022153,3130
-9287.742570359265,3131
-3810.3360193758945,3132
-6845.277948661097,3133
-6845.277948661097,3134
-11028.56920005193,3135
-4161.8112065720625,3136
-7142.5776383169905,3137
-11028.56920005193,3138
-3810.3360193758945,3139
-5733.481187307355,3140
-4536.60637637349,3141
-2698.539258022153,3142
-5273.607967925805,3143
-3810.3360193758945,3144
-11048.314208565069,3145
-11645.268974497934,3146
-5726.627540938643,3147
-2698.539258022153,3148
-3810.3360193758945,3149
-4161.8112065720625,3150
-2698.539258022153,3151
-2698.539258022153,3152
-9287.742570359265,3153
-5726.535549699596,3154
-3045.4221316436665,3155
-2698.539258022153,3156
-6881.830509412986,3157
-4188.809800872888,3158
-5273.607967925805,3159
-5405.961907546891,3160
-5141.003879720322,3161
-4282.350498953765,3162
-5273.607967925805,3163
-4439.365887714817,3164
-2698.539258022153,3165
-5273.607967925805,3166
-3805.7142901493153,3167
-2698.539258022153,3168
-8345.102457962896,3169
-2698.539258022153,3170
-5141.003879720322,3171
-9884.69733629213,3172
-5405.944055178999,3173
-2698.539258022153,3174
-2698.539258022153,3175
-6506.737834083922,3176
-2698.539258022153,3177
-4270.209238757445,3178
-2698.5510492601684,3179
-9476.644227829776,3180
-5273.607967925805,3181
-9287.742570359265,3182
-2698.539258022153,3183
-2698.539258022153,3184
-11048.52764505879,3185
-7474.30781700002,3186
-2698.539258022153,3187
-2698.539258022153,3188
-5141.003879720322,3189
-4161.8112065720625,3190
-5144.024904655929,3191
-2698.539258022153,3192
-2698.539258022153,3193
-2698.539258022153,3194
-2698.539258022153,3195
-4161.8112065720625,3196
-2698.539258022153,3197
-6252.800641074064,3198
-2698.539258022153,3199
-2698.539258022153,3200
-4161.8112065720625,3201
-4270.209238757445,3202
-4439.365887714817,3203
-4161.8112065720625,3204
-2698.539258022153,3205
-2698.539258022153,3206
-4439.365887714817,3207
-4161.8112065720625,3208
-11645.267844201115,3209
-2698.539258022153,3210
-2698.539258022153,3211
-4161.8112065720625,3212
-2698.539258022153,3213
-9287.742570359265,3214
-11028.56920005193,3215
-6604.2758282702325,3216
-2698.539258022153,3217
-2698.539258022153,3218
-5733.481187307355,3219
-9916.772438698188,3220
-8175.945809005524,3221
-5273.607967925805,3222
-7716.072589623974,3223
-6030.780876963248,3224
-9287.742570359265,3225
-4161.8112065720625,3226
-8586.104578353761,3227
-5733.481187307355,3228
-2698.539258022153,3229
-4161.8112065720625,3230
-6883.53085869076,3231
-5902.637836264727,3232
-9456.921570374117,3233
-2698.539258022153,3234
-2698.539258022153,3235
-11028.56920005193,3236
-7122.832629803852,3237
-2698.539258022153,3238
-2698.539258022153,3239
-2698.539258022153,3240
-5733.481187307355,3241
-5733.481187307355,3242
-4161.8112065720625,3243
-9456.899219316638,3244
-2698.539258022153,3245
-3810.3360193758945,3246
-9565.346505926214,3247
-4439.365887714817,3248
-9335.71199815501,3249
-2698.539258022153,3250
-6845.277948661097,3251
-7189.890688109871,3252
-2698.539258022153,3253
-2698.539258022153,3254
-2698.539258022153,3255
-2698.539258022153,3256
-9483.852090876688,3257
-5141.003879720322,3258
-8344.963790506927,3259
-8775.006235824272,3260
-8605.8495868669,3261
-10346.676216559565,3262
-6845.277948661097,3263
-5570.907657581698,3264
-5902.637836264727,3265
-7716.072589623974,3266
-4161.8112065720625,3267
-5141.003879720322,3268
-6845.277948661097,3269
-6604.2758282702325,3270
-2698.539258022153,3271
-2698.539752352642,3272
-2698.539258022153,3273
-4895.785227811681,3274
-5733.481187307355,3275
-4161.8112065720625,3276
-5733.481187307355,3277
-11028.56920005193,3278
-4895.785227811681,3279
-4161.8112065720625,3280
-6253.223650925598,3281
-7716.072589623974,3282
-5733.481187307355,3283
-4563.627029864549,3284
-5733.481187307355,3285
-2698.539258022153,3286
-2698.539258022153,3287
-4161.8112065720625,3288
-6175.777313319306,3289
-11028.56920005193,3290
-7122.832629803852,3291
-5273.607967925805,3292
-5733.481187307355,3293
-9287.742570359265,3294
-2698.539258022153,3295
-4161.811874138555,3296
-6863.690082627391,3297
-6359.057176361591,3298
-8761.568595581519,3299
-2698.539258022153,3300
-9475.6236472866,3301
-2698.539258022153,3302
-4161.8112065720625,3303
-4161.8112065720625,3304
-5733.481187307355,3305
-5141.003879720322,3306
-4161.8112065720625,3307
-8586.104578353761,3308
-7494.006136069377,3309
-2698.539258022153,3310
-2698.539258022153,3311
-2698.539258022153,3312
-5733.1497028751855,3313
-5733.481187307355,3314
-9565.297251502021,3315
-3810.3360193758945,3316
-4270.209238757445,3317
-2698.539258022153,3318
-4270.209238757445,3319
-2717.53873064311,3320
-2698.539258022153,3321
-4161.259421535067,3322
-6845.277948661097,3323
-6845.277948661097,3324
-2698.539258022153,3325
-5733.481187307355,3326
-5733.481187307355,3327
-7716.072589623974,3328
-5141.003879720322,3329
-9287.742570359265,3330
-11028.56920005193,3331
-8586.104578353761,3332
-5733.481187307355,3333
-4161.8112065720625,3334
-4161.8112065720625,3335
-2698.54162068912,3336
-6845.277948661097,3337
-6845.178435875828,3338
-8605.8495868669,3339
-9287.99189908959,3340
-5733.481187307355,3341
-4270.209238757445,3342
-4270.209238757445,3343
-7189.899489488553,3344
-7189.899489488553,3345
-7014.4345976184695,3346
-4270.209238757445,3347
-6604.2758282702325,3348
-5273.628815095754,3349
-6712.673860455614,3350
-4270.209238757445,3351
-5733.481187307355,3352
-8175.945809005524,3353
-9916.772438698188,3354
-6845.277948661097,3355
-4161.8112065720625,3356
-5382.006000111187,3357
-4161.8112065720625,3358
-9287.742570359265,3359
-5141.003879720322,3360
-8175.945809005524,3361
-2698.539258022153,3362
-5726.627540938643,3363
-4270.209238757445,3364
-9287.742570359265,3365
-5141.003879720322,3366
-5733.481187307355,3367
-2698.539258022153,3368
-5726.573147860822,3369
-2698.539258022153,3370
-2698.539258022153,3371
-4161.8112065720625,3372
-2698.539258022153,3373
-8175.945809005524,3374
-5141.003879720322,3375
-6604.2758282702325,3376
-10515.381813294822,3377
-8175.945809005524,3378
-8175.945809005524,3379
-9287.742570359265,3380
-8175.945809005524,3381
-2698.539258022153,3382
-2698.539258022153,3383
-9456.899219316638,3384
-5733.481187307355,3385
-7494.0528255131585,3386
-2698.539258022153,3387
-11048.314208565069,3388
-7473.432041576536,3389
-5733.481187307355,3390
-7474.30781700002,3391
-5733.481187307355,3392
-8345.102457962896,3393
-6604.2758282702325,3394
-6712.673860455614,3395
-9287.742570359265,3396
-5733.481187307355,3397
-5141.003879720322,3398
-5733.481187307355,3399
-9456.899219316638,3400
-3810.3360193758945,3401
-4161.8112065720625,3402
-9287.742570359265,3403
-6845.277948661097,3404
-4161.8112065720625,3405
-8175.945809005524,3406
-4162.088242800562,3407
-2698.539258022153,3408
-2698.539258022153,3409
-5733.481187307355,3410
-2698.539258022153,3411
-12789.140838257734,3412
-5733.481187307355,3413
-12789.140838257734,3414
-6845.277948661097,3415
-7716.072589623974,3416
-5733.481187307355,3417
-7824.470621809356,3418
-4161.8112065720625,3419
-8175.945809005524,3420
-4161.8112065720625,3421
-6252.800641074064,3422
-5900.033068486672,3423
-6845.277948661097,3424
-7288.02373113937,3425
-7716.062800136032,3426
-6604.2758282702325,3427
-2698.539258022153,3428
-2698.539258022153,3429
-6845.277948661097,3430
-5273.607967925805,3431
-9287.742570359265,3432
-5733.481187307355,3433
-4161.8112065720625,3434
-7474.30781700002,3435
-5203.714539988559,3436
-5733.481187307355,3437
-8586.104578353761,3438
-4161.8112065720625,3439
-11028.56920005193,3440
-4270.209238757445,3441
-4161.8112065720625,3442
-8605.8495868669,3443
-2698.539258022153,3444
-5902.637836264727,3445
-5273.607967925805,3446
-2698.539258022153,3447
-4161.8112065720625,3448
-2698.539258022153,3449
-12789.140838257734,3450
-5733.481187307355,3451
-4270.209238757445,3452
-4270.209238757445,3453
-5141.003879720322,3454
-2698.539258022153,3455
-6845.277948661097,3456
-6845.277948661097,3457
-4270.209238757445,3458
-6845.277948661097,3459
-2698.539258022153,3460
-6845.2829165097455,3461
-4270.209238757445,3462
-4161.8112065720625,3463
-2698.539258022153,3464
-5733.481187307355,3465
-5141.003879720322,3466
-2698.539258022153,3467
-3810.3360193758945,3468
-4270.209238757445,3469
-5902.637836264727,3470
-2698.539258022153,3471
-4162.052093983021,3472
-2698.539258022153,3473
-12327.1619579903,3474
-9458.359416820436,3475
-5141.003879720322,3476
-4161.8112065720625,3477
-8345.102457962896,3478
-4459.110896227957,3479
-7474.30781700002,3480
-5902.637836264727,3481
-6604.2758282702325,3482
-6950.70918648505,3483
-7494.0528255131585,3484
-5141.003879720322,3485
-5733.481187307355,3486
-2698.539258022153,3487
-8878.481841434705,3488
-6845.277948661097,3489
-5141.003879720322,3490
-9287.292715959762,3491
-5405.961907546891,3492
-4270.209238757445,3493
-5733.481187307355,3494
-2698.539258022153,3495
-5141.003879720322,3496
-5141.003879720322,3497
-2698.539258022153,3498
-5141.003879720322,3499
-2698.539258022153,3500
-2698.539258022153,3501
-2698.539258022153,3502
-6030.780876963248,3503
-4459.110896227957,3504
-4270.209238757445,3505
-2698.539258022153,3506
-2698.539258022153,3507
-5273.607967925805,3508
-6845.277948661097,3509
-4270.209238757445,3510
-4270.209238757445,3511
-5273.607967925805,3512
-2698.539258022153,3513
-4161.8112065720625,3514
-5733.481187307355,3515
-5141.003879720322,3516
-4270.209238757445,3517
-3810.3360193758945,3518
-5273.607967925805,3519
-5733.481187307355,3520
-2698.5590576025247,3521
-6845.277948661097,3522
-4161.8112065720625,3523
-2698.539258022153,3524
-4161.8112065720625,3525
-4270.209238757445,3526
-11028.56920005193,3527
-2698.539258022153,3528
-4161.8112065720625,3529
-7494.0528255131585,3530
-5902.637836264727,3531
-9287.742570359265,3532
-8586.104578353761,3533
-2698.539258022153,3534
-2698.539258022153,3535
-2698.539258022153,3536
-5733.481187307355,3537
-4270.209238757445,3538
-8345.102457962896,3539
-5631.1652841447685,3540
-3810.3360193758945,3541
-6845.277948661097,3542
-8175.945809005524,3543
-5902.637836264727,3544
-9456.899219316638,3545
-4272.473335462584,3546
-8175.945809005524,3547
-4270.209238757445,3548
-2698.539258022153,3549
-2698.539258022153,3550
-2698.539258022153,3551
-2698.539258022153,3552
-2698.539258022153,3553
-5902.637836264727,3554
-4270.209238757445,3555
-4018.1338435961325,3556
-4270.209238757445,3557
-4270.209238757445,3558
-9916.772438698188,3559
-7494.0528255131585,3560
-9287.742570359265,3561
-8605.8495868669,3562
-6845.277948661097,3563
-5733.481187307355,3564
-2698.539258022153,3565
-2698.539258022153,3566
-5733.481187307355,3567
-11028.56920005193,3568
-6712.673860455614,3569
-6845.277948661097,3570
-5733.481187307355,3571
-6604.2758282702325,3572
-9287.742570359265,3573
-6604.2758282702325,3574
-6845.277948661097,3575
-4161.8112065720625,3576
-6712.673860455614,3577
-5273.607967925805,3578
-5732.2497246065595,3579
-2698.539258022153,3580
-4270.209238757445,3581
-6712.673860455614,3582
-4270.209238757445,3583
-11028.56920005193,3584
-8175.945809005524,3585
-11217.031702513243,3586
-8345.102457962896,3587
-9287.708733594081,3588
-4270.209238757445,3589
-4270.209238757445,3590
-8410.138183753636,3591
-9234.879455205823,3592
-7474.30781700002,3593
-4587.617362249295,3594
-9916.772438698188,3595
-6712.673860455614,3596
-2698.539258022153,3597
-4459.110896227957,3598
-7716.072589623974,3599
-8605.8495868669,3600
-6030.780876963248,3601
-12789.140838257734,3602
-9916.772438698188,3603
-11028.56920005193,3604
-4270.209238757445,3605
-9287.742570359265,3606
-6252.800641074064,3607
-5733.481187307355,3608
-5733.481187307355,3609
-5733.481187307355,3610
-5733.481187307355,3611
-8175.945809005524,3612
-5733.481187307355,3613
-5733.481187307355,3614
-2698.539258022153,3615
-11028.56920005193,3616
-5733.481187307355,3617
-5141.003879720322,3618
-4270.209238757445,3619
-5733.481187307355,3620
-4270.179935876597,3621
-4270.209238757445,3622
-2698.539258022153,3623
-5733.481187307355,3624
-5382.006000111187,3625
-4270.209238757445,3626
-5733.481187307355,3627
-4270.209238757445,3628
-5922.382844777867,3629
-5273.607967925805,3630
-4161.8112065720625,3631
-6845.277948661097,3632
-7705.423975273681,3633
-6604.2758282702325,3634
-8605.8495868669,3635
-4270.209238757445,3636
-5734.01662291972,3637
-5273.607967925805,3638
-12789.140838257734,3639
-2698.539258022153,3640
-5733.481187307355,3641
-5733.481187307355,3642
-2698.539258022153,3643
-5733.481187307355,3644
-2698.539258022153,3645
-5902.321664857832,3646
-2698.539258022153,3647
-2698.539258022153,3648
-6845.277948661097,3649
-2698.589123335823,3650
-2698.539258022153,3651
-4161.8112065720625,3652
-4161.8112065720625,3653
-2698.539258022153,3654
-5733.481187307355,3655
-5733.481187307355,3656
-4270.209238757445,3657
-5273.607967925805,3658
-6604.2758282702325,3659
-5141.003879720322,3660
-3810.3360193758945,3661
-9916.772438698188,3662
-4161.8112065720625,3663
-10924.957200007833,3664
-5733.481187307355,3665
-4270.209238757445,3666
-9578.028485138642,3667
-9916.772438698188,3668
-2698.539258022153,3669
-5733.481187307355,3670
-2698.539258022153,3671
-4270.209238757445,3672
-4439.365887714817,3673
-7122.832629803852,3674
-2698.539258022153,3675
-4270.209238757445,3676
-7474.30781700002,3677
-5273.607967925805,3678
-2698.539258022153,3679
-8345.102457962896,3680
-4161.8112065720625,3681
-5733.481187307355,3682
-8586.104578353761,3683
-2698.539258022153,3684
-10346.676216559565,3685
-5273.607967925805,3686
-5902.637836264727,3687
-8175.945809005524,3688
-2698.625470881469,3689
-6252.800641074064,3690
-6845.277948661097,3691
-7716.072589623974,3692
-4190.154243338383,3693
-8605.8495868669,3694
-12789.139462599735,3695
-6845.277948661097,3696
-8586.104578353761,3697
-5602.91507499322,3698
-6845.277948661097,3699
-4171.059772494132,3700
-4161.8112065720625,3701
-5902.637836264727,3702
-8801.521798059759,3703
-6845.277948661097,3704
-5733.481187307355,3705
-2698.539258022153,3706
-4161.8112065720625,3707
-4161.8112065720625,3708
-7014.4345976184695,3709
-5733.481187307355,3710
-6845.277948661097,3711
-5141.003879720322,3712
-9456.899219316638,3713
-10346.770698800266,3714
-7013.0713106504545,3715
-4161.8112065720625,3716
-6359.057176361591,3717
-2698.539258022153,3718
-7824.470621809356,3719
-2698.539258022153,3720
-2698.539258022153,3721
-7716.072589623974,3722
-5902.637836264727,3723
-5733.481187307355,3724
-4161.8112065720625,3725
-6712.673860455614,3726
-7716.072589623974,3727
-9234.879455205823,3728
-6604.2758282702325,3729
-2698.539258022153,3730
-4270.209238757445,3731
-6845.277948661097,3732
-2698.539258022153,3733
-6845.277948661097,3734
-9916.772438698188,3735
-5273.607967925805,3736
-2698.539258022153,3737
-6604.2758282702325,3738
-2698.539258022153,3739
-8345.102457962896,3740
-6252.800641074064,3741
-2698.539258022153,3742
-12789.110537238883,3743
-2698.539258022153,3744
-2698.539258022153,3745
-9456.899219316638,3746
-7716.072589623974,3747
-5141.003879720322,3748
-2698.539258022153,3749
-5141.003879720322,3750
-11217.470857522441,3751
-2698.539258022153,3752
-6845.277948661097,3753
-4270.209238757445,3754
-5733.481187307355,3755
-12789.140838257734,3756
-2698.539258022153,3757
-4270.209238757445,3758
-5141.003879720322,3759
-11177.456895116065,3760
-5733.481187307355,3761
-2698.539258022153,3762
-6845.277948661097,3763
-8586.104578353761,3764
-5273.607967925805,3765
-11028.56920005193,3766
-2698.539258022153,3767
-7189.899489488553,3768
-5273.222903006532,3769
-5733.481187307355,3770
-5733.481187307355,3771
-6845.277948661097,3772
-6604.2758282702325,3773
-5141.003879720322,3774
-4270.209238757445,3775
-7993.6272707667285,3776
-4270.209238757445,3777
-4161.8112065720625,3778
-5902.637836264727,3779
-5273.607967925805,3780
-4895.785227811681,3781
-5382.006000111187,3782
-2698.539258022153,3783
-4161.8112065720625,3784
-3810.3360193758945,3785
-4161.8112065720625,3786
-4161.8112065720625,3787
-2698.539258022153,3788
-7014.4345976184695,3789
-5382.006000111187,3790
-11217.470857522441,3791
-8175.945809005524,3792
-5551.162649068559,3793
-2698.6896368907487,3794
-2698.539258022153,3795
-4270.209238757445,3796
-6845.277948661097,3797
-5733.481187307355,3798
-2698.539258022153,3799
-5733.481187307355,3800
-2698.539258022153,3801
-10346.676216559565,3802
-6604.2758282702325,3803
-7716.072589623974,3804
-6845.277948661097,3805
-5141.003879720322,3806
-2698.539258022153,3807
-9565.297251502021,3808
-3765.935114482235,3809
-11217.470857522441,3810
-4895.785227811681,3811
-2698.539258022153,3812
-5733.481187307355,3813
-12789.140838257734,3814
-2698.539258022153,3815
-8345.102457962896,3816
-2698.539258022153,3817
-5141.003879720322,3818
